data_trimestre;trimestre;bandeira;funcao;categoria;modalidade;qtd_cartoes_emitidos;qtd_cartoes_ativos;qtd_transacoes_nacionais;valor_transacoes_nacionais;qtd_transacoes_internacionais;valor_transacoes_internacionais
2020-03-31;1;Elo;Crédito;Empresarial;Puro;441358;193392;4342680;927690369.21;4465;2454350.32
2020-03-31;1;MasterCard;Crédito;Premium;Co-branded;103133;69635;2950987;644651794.09;130892;57555425.72
2020-03-31;1;American Express;Crédito;Platinum;Puro;466359;349194;11899109;2847010171.46;622335;481222525.58
2020-03-31;1;MasterCard;Crédito;Básico Internacional;Puro;10832558;6690938;109172686;9677491012.95;640775;127322351.90
2020-03-31;1;VISA;Crédito;Premium;Co-branded;212;61;827934;134312000.05;14496;4587312.36
2020-03-31;1;Bandeira própria;Crédito;Outros;Co-branded;5449906;4908881;4382095;751283896.50;0;0.00
2020-03-31;1;Elo;Pré-Pago;Básico Nacional;Puro;929765;108222;219089;14473083.97;114;6650.04
2020-03-31;1;MasterCard;Crédito;Outros;Híbrido;13773543;5309213;57953700;5346374499.41;107287;14170757.15
2020-03-31;1;American Express;Crédito;Corporativo;Puro;115623;101085;1774762;659388219.61;182543;178205064.36
2020-03-31;1;VISA;Débito;Básico Internacional;Co-branded;53696;11014;152711;11780309.97;1;3.67
2020-03-31;1;VISA;Débito;Platinum;Puro;1792967;1129668;38048746;3205279154.03;921;155436.32
2020-03-31;1;VISA;Crédito;Empresarial;Puro;1426930;810042;20648708;4791876265.35;387763;294069448.23
2020-03-31;1;VISA;Pré-Pago;Platinum;Puro;17000;259;0;0.00;4629;1664394.35
2020-03-31;1;MasterCard;Pré-Pago;Empresarial;Puro;7;3;11;431.55;0;0.00
2020-03-31;1;MasterCard;Crédito;Empresarial;Híbrido;11947;8238;137487;38325025.38;2726;1318048.65
2020-03-31;1;VISA;Crédito;Intermediário;Puro;7646471;6234782;173436821;19979095023.35;1117826;257036965.09
2020-03-31;1;VISA;Pré-Pago;Básico Internacional;Co-branded;34091;14223;10239;937324.91;2;547.27
2020-03-31;1;Outras;Crédito;Outros;Puro;263326;184237;104753;22694334.72;2;2075.11
2020-03-31;1;MasterCard;Crédito;Outros;Puro;227079;35149;631194;59949243.21;3765;525799.54
2020-03-31;1;Elo;Pré-Pago;Outros;Puro;27988;2569;40552;2097101.87;56;4601.03
2020-03-31;1;VISA;Crédito;Intermediário;Co-branded;880867;495083;9382385;1130541999.67;69011;16630039.23
2020-03-31;1;Elo;Pré-Pago;Básico Internacional;Puro;3464130;2273099;16206876;644145567.66;0;0.00
2020-03-31;1;Elo;Crédito;Intermediário;Puro;3369512;1730931;25208020;2314337378.19;14522;2276885.77
2020-03-31;1;MasterCard;Débito;Empresarial;Puro;542484;119966;2065112;172552643.76;113;68663.24
2020-03-31;1;MasterCard;Débito;Básico Nacional;Co-branded;31;1;2;0.19;0;0.00
2020-03-31;1;VISA;Pré-Pago;Empresarial;Puro;1418;1082;18586;1585466.24;0;0.00
2020-03-31;1;Elo;Crédito;Corporativo;Puro;25057;14393;36725;107512874.04;368;382921.78
2020-03-31;1;VISA;Pré-Pago;Básico Internacional;Puro;9227133;3481868;3948282;334825658.30;2202749;273644063.10
2020-03-31;1;MasterCard;Pré-Pago;Intermediário;Puro;7453316;2951173;49693221;2035795599.63;1;0.01
2020-03-31;1;VISA;Débito;Intermediário;Co-branded;28;6;5;194.19;0;0.00
2020-03-31;1;Elo;Crédito;Básico Nacional;Puro;5357399;3076204;69458398;6000480695.23;79283;27189191.64
2020-03-31;1;Hipercard;Crédito;Empresarial;Puro;2002;1462;10936;5571694.55;1;0.01
2020-03-31;1;VISA;Crédito;Empresarial;Co-branded;10118;1536;15467;8300744.03;202;73926.78
2020-03-31;1;American Express;Crédito;Intermediário;Puro;795247;492970;12048230;1753203070.51;202753;78716008.66
2020-03-31;1;VISA;Crédito;Outros;Híbrido;4453608;474126;7658657;893301467.09;21147;3758586.97
2020-03-31;1;VISA;Crédito;Empresarial;Híbrido;31907;14388;152480;133461750.41;0;0.00
2020-03-31;1;Hipercard;Crédito;Intermediário;Puro;3801971;3590836;52866023;7357019601.10;13;487.32
2020-03-31;1;MasterCard;Crédito;Corporativo;Puro;127079;84561;2669877;875597372.43;186003;131507911.11
2020-03-31;1;MasterCard;Crédito;Empresarial;Co-branded;139413;15361;61677;24682494.62;852;240522.30
2020-03-31;1;Outras;Débito;Outros;Puro;3506872;1876953;42289893;3486382627.64;0;0.00
2020-03-31;1;VISA;Pré-Pago;Básico Nacional;Puro;1894152;286955;1243436;846767147.15;176;138366.23
2020-03-31;1;MasterCard;Débito;Empresarial;Co-branded;125980;44497;816719;48576890.53;23;10292.17
2020-03-31;1;VISA;Crédito;Corporativo;Puro;593016;321426;4333004;1171931210.51;301635;215956751.72
2020-03-31;1;MasterCard;Débito;Premium;Co-branded;70052;14904;208448;15657215.28;160;92577.12
2020-03-31;1;MasterCard;Débito;Básico Internacional;Co-branded;1259493;394765;3968557;173043762.92;226;70699.34
2020-03-31;1;MasterCard;Crédito;Básico Nacional;Puro;7095587;4003561;38987106;3136040286.38;39623;2801528.40
2020-03-31;1;MasterCard;Débito;Intermediário;Co-branded;731240;76758;1133056;57025721.30;131;33513.81
2020-03-31;1;Elo;Débito;Empresarial;Puro;682169;299090;6161181;746715103.28;0;0.00
2020-03-31;1;MasterCard;Pré-Pago;Platinum;Puro;319687;166062;2357891;129224492.81;0;0.00
2020-03-31;1;VISA;Débito;Básico Internacional;Puro;93656666;27530279;505028736;34403343907.56;41619;6418781.64
2020-03-31;1;MasterCard;Débito;Básico Nacional;Puro;906942;481867;11130292;767329324.54;57;24653.31
2020-03-31;1;VISA;Débito;Premium;Puro;524164;281010;7300175;719876458.38;366;72611.70
2020-03-31;1;VISA;Crédito;Platinum;Híbrido;322435;206522;7988122;1200125334.84;110650;36490610.29
2020-03-31;1;Outras;Crédito;Outros;Híbrido;571492;21352;33786;4904118.48;0;0.00
2020-03-31;1;MasterCard;Débito;Platinum;Co-branded;124970;19837;310966;18068713.56;96;40626.09
2020-03-31;1;Elo;Crédito;Outros;Puro;132559;82456;3020957;522447670.64;34305;18863856.19
2020-03-31;1;VISA;Crédito;Básico Nacional;Puro;7553539;4666834;109147498;8484494882.26;182826;22802432.72
2020-03-31;1;VISA;Crédito;Platinum;Co-branded;178951;148598;5151832;842732114.79;121535;43659088.48
2020-03-31;1;Elo;Crédito;Básico Internacional;Co-branded;194796;189351;692041;73499768.43;161;17016.69
2020-03-31;1;VISA;Pré-Pago;Corporativo;Puro;564877;156470;1975306;150422308.76;1241992;201407360.63
2020-03-31;1;MasterCard;Débito;Platinum;Puro;747666;405619;8828793;742082073.68;2594;818545.07
2020-03-31;1;VISA;Crédito;Básico Internacional;Puro;9221965;6583902;156540858;13480564936.81;1006422;167067484.83
2020-03-31;1;MasterCard;Pré-Pago;Básico Nacional;Puro;64149;25434;101625;13352196.06;0;0.00
2020-03-31;1;MasterCard;Crédito;Intermediário;Co-branded;7889014;6722853;90264979;9675886257.45;205644;40117984.89
2020-03-31;1;Elo;Crédito;Básico Internacional;Puro;5572862;2557053;40726546;4731143582.64;109973;41805568.30
2020-03-31;1;Elo;Débito;Básico Nacional;Puro;82265138;44263103;585366338;33610614691.22;0;0.00
2020-03-31;1;VISA;Crédito;Premium;Puro;1184468;898797;65420620;11196372359.74;1888434;940676928.77
2020-03-31;1;MasterCard;Débito;Premium;Puro;220601;115387;1779505;184405276.77;3024;1368372.21
2020-03-31;1;VISA;Débito;Empresarial;Puro;1550409;598554;16666402;1956652685.13;1964;513260.54
2020-03-31;1;VISA;Crédito;Intermediário;Híbrido;808963;497531;11625757;1525615917.70;83424;18702488.31
2020-03-31;1;American Express;Crédito;Empresarial;Puro;18876;11748;543659;245646757.10;28460;32130993.38
2020-03-31;1;VISA;Crédito;Premium;Híbrido;9861;9158;1228415;256300842.96;49385;22634013.31
2020-03-31;1;MasterCard;Crédito;Básico Internacional;Híbrido;422240;254500;3214266;346212732.02;17645;2718673.81
2020-03-31;1;MasterCard;Crédito;Básico Internacional;Co-branded;4993699;2291051;23315395;2147786111.43;91988;12106217.49
2020-03-31;1;MasterCard;Crédito;Platinum;Híbrido;140439;82818;3099580;461953111.15;38842;12044756.74
2020-03-31;1;MasterCard;Pré-Pago;Outros;Puro;12553042;2771590;27419435;2162745262.98;394287;68946117.06
2020-03-31;1;Bandeira própria;Pré-Pago;Outros;Puro;423147;271142;629085;587556543.59;0;0.00
2020-03-31;1;MasterCard;Pré-Pago;Básico Internacional;Puro;178252;8837;201146;16913067.02;39000;7415690.58
2020-03-31;1;VISA;Crédito;Básico Internacional;Híbrido;5375802;3383727;37403855;3980057456.46;151866;22694340.52
2020-03-31;1;MasterCard;Pré-Pago;Corporativo;Puro;12710;6371;342550;21565240.02;1384;881535.43
2020-03-31;1;Outras;Crédito;Intermediário;Puro;28008;7221;88369;12520428.88;185;58999.59
2020-03-31;1;MasterCard;Débito;Intermediário;Puro;43548790;29667496;541356850;31604223710.28;56396;12337845.34
2020-03-31;1;MasterCard;Crédito;Premium;Híbrido;2590;2376;272339;58307048.99;11403;6170678.90
2020-03-31;1;VISA;Crédito;Outros;Puro;271447;233972;2883209;433054415.62;42769;35861032.39
2020-03-31;1;VISA;Pré-Pago;Outros;Puro;3037196;1009874;18116592;960707854.20;166127;30284452.00
2020-03-31;1;VISA;Crédito;Básico Internacional;Co-branded;7282223;3536610;27297922;2244000537.17;52654;5640559.66
2020-03-31;1;Hipercard;Crédito;Intermediário;Co-branded;2;2;21;2211.92;1;0.01
2020-03-31;1;Elo;Crédito;Empresarial;Co-branded;1347;21;10;70390.67;0;0.00
2020-03-31;1;Elo;Crédito;Platinum;Puro;51089;41479;1262343;174345683.68;3733;943326.41
2020-03-31;1;Outras;Crédito;Outros;Co-branded;16781;27;28;1066.27;0;0.00
2020-03-31;1;MasterCard;Débito;Básico Internacional;Puro;79783156;23056120;586461587;35856166412.35;77658;21627271.02
2020-03-31;1;VISA;Débito;Outros;Puro;338;97;254;55049.50;0;0.00
2020-03-31;1;MasterCard;Crédito;Empresarial;Puro;1866914;1440149;18592131;4290711720.46;350602;223190391.63
2020-03-31;1;Elo;Débito;Básico Internacional;Puro;27672238;9665462;244340828;13231024923.08;0;0.00
2020-03-31;1;Bandeira própria;Crédito;Outros;Puro;311301;145941;1993436;192280153.46;0;0.00
2020-03-31;1;Elo;Crédito;Premium;Puro;25358;22378;1071754;169844188.52;6714;2908440.95
2020-03-31;1;Bandeira própria;Crédito;Outros;Híbrido;1725338;911613;6242910;723892552.05;0;0.00
2020-03-31;1;MasterCard;Crédito;Intermediário;Híbrido;5625267;5351081;65486991;7645921446.37;21061;4134507.03
2020-03-31;1;VISA;Débito;Básico Nacional;Co-branded;3368;59;911;87538.19;0;0.00
2020-03-31;1;VISA;Crédito;Básico Nacional;Híbrido;7738243;4337659;33883663;3168797387.99;4;197.04
2020-03-31;1;VISA;Crédito;Platinum;Puro;5472041;4101512;195198802;24753113460.93;3062393;937123142.74
2020-03-31;1;VISA;Débito;Intermediário;Puro;2931958;2057818;48677051;3679196394.62;1731;260332.40
2020-03-31;1;MasterCard;Crédito;Outros;Co-branded;1072141;92;9;778.20;0;0.00
2020-03-31;1;VISA;Débito;Básico Nacional;Puro;8992322;4317864;101425114;6416178296.94;1374;179708.52
2020-03-31;1;Bandeira própria;Débito;Outros;Puro;1017661;392403;4395939;293172072.71;0;0.00
2020-03-31;1;MasterCard;Crédito;Básico Nacional;Co-branded;13299336;1269736;14170115;1606071698.95;56;12444.85
2020-03-31;1;MasterCard;Crédito;Platinum;Puro;6358642;5215112;214499722;26256690082.94;3224107;867685753.34
2020-03-31;1;MasterCard;Crédito;Platinum;Co-branded;442182;353921;12827200;1926995385.92;245234;79808755.90
2020-03-31;1;VISA;Crédito;Básico Nacional;Co-branded;6844313;1126534;10187380;1074108742.63;735;51741.26
2020-03-31;1;MasterCard;Crédito;Básico Nacional;Híbrido;3400596;1430825;16645040;1160815484.90;0;0.00
2020-03-31;1;MasterCard;Crédito;Premium;Puro;2010081;1662114;113390994;19809394001.08;3889650;1816829000.45
2020-03-31;1;MasterCard;Crédito;Intermediário;Puro;35739355;27649253;586218650;49990278319.58;3042592;440709732.76
2020-06-30;2;American Express;Crédito;Empresarial;Puro;22514;17118;354436;152942559.26;1429;1381116.84
2020-06-30;2;MasterCard;Crédito;Intermediário;Co-branded;7446864;6287971;69061888;7827631066.23;111763;15602042.55
2020-06-30;2;VISA;Débito;Empresarial;Puro;1561727;588688;13090179;1643930376.55;750;210879.26
2020-06-30;2;VISA;Débito;Outros;Puro;208;87;1846;92245.21;0;0.00
2020-06-30;2;American Express;Crédito;Intermediário;Puro;515643;317685;6843436;1063460608.50;9083;3696690.11
2020-06-30;2;Bandeira própria;Crédito;Outros;Puro;312544;146492;1624738;171167017.91;0;0.00
2020-06-30;2;MasterCard;Débito;Premium;Puro;219390;113570;953488;118914233.68;251;660696.90
2020-06-30;2;Outras;Crédito;Outros;Co-branded;35509;309;308;18042.43;0;0.00
2020-06-30;2;Elo;Pré-Pago;Básico Internacional;Puro;4489992;2625958;14809558;657380422.07;0;0.00
2020-06-30;2;MasterCard;Crédito;Premium;Co-branded;103889;69975;2019981;484178008.22;35679;16289116.79
2020-06-30;2;MasterCard;Crédito;Premium;Puro;1992506;1637062;75260874;14176742257.62;977352;361366451.22
2020-06-30;2;Outras;Crédito;Básico Nacional;Híbrido;23558;11604;131;53502.47;0;0.00
2020-06-30;2;VISA;Crédito;Platinum;Puro;5462664;4024462;130064322;18214009294.37;978613;203554533.76
2020-06-30;2;MasterCard;Crédito;Intermediário;Puro;35920531;27430997;472523675;44678570967.69;2116409;223656304.48
2020-06-30;2;Elo;Crédito;Empresarial;Co-branded;1300;21;15;137280.51;0;0.00
2020-06-30;2;VISA;Pré-Pago;Básico Internacional;Co-branded;24144;7819;2252;190782.02;0;0.00
2020-06-30;2;MasterCard;Pré-Pago;Básico Nacional;Puro;53716;24239;73918;16888109.74;0;0.00
2020-06-30;2;Bandeira própria;Crédito;Outros;Co-branded;5184948;4126549;2037493;242409893.41;0;0.00
2020-06-30;2;Outras;Débito;Outros;Puro;3509859;1862045;34184812;3116665317.26;0;0.00
2020-06-30;2;VISA;Crédito;Básico Internacional;Híbrido;5608810;3374817;30471419;3242409195.98;147821;13236057.17
2020-06-30;2;VISA;Crédito;Outros;Puro;356611;257696;2678617;356525339.45;17305;4279736.16
2020-06-30;2;Elo;Débito;Básico Internacional;Puro;1221;339;3340;210270.78;0;0.00
2020-06-30;2;Hipercard;Crédito;Platinum;Puro;633711;594405;1976843;331935735.39;1;0.01
2020-06-30;2;Elo;Crédito;Corporativo;Puro;24501;13951;28837;112785975.87;49;207034.71
2020-06-30;2;MasterCard;Crédito;Corporativo;Puro;127748;73876;977456;313868722.70;28466;49451964.45
2020-06-30;2;Elo;Crédito;Premium;Puro;24841;22240;663004;124132608.26;822;540998.22
2020-06-30;2;MasterCard;Crédito;Básico Nacional;Puro;7074222;4019382;31260499;2676341281.71;35372;2232272.46
2020-06-30;2;VISA;Crédito;Básico Nacional;Híbrido;6898300;4152623;25940071;2539260218.90;0;0.00
2020-06-30;2;VISA;Crédito;Básico Internacional;Puro;9648408;6529336;125100489;11700836769.26;465409;57791360.01
2020-06-30;2;MasterCard;Débito;Intermediário;Co-branded;739294;74875;845993;45953189.34;0;0.00
2020-06-30;2;MasterCard;Pré-Pago;Intermediário;Puro;9409151;3743721;55508855;2419910362.39;1;0.01
2020-06-30;2;MasterCard;Débito;Platinum;Co-branded;127784;19095;173075;11783569.12;7;5235.37
2020-06-30;2;VISA;Crédito;Empresarial;Co-branded;7027;1397;12051;12292057.13;115;26936.86
2020-06-30;2;Bandeira própria;Pré-Pago;Outros;Puro;424013;283751;764089;748843199.35;0;0.00
2020-06-30;2;MasterCard;Crédito;Empresarial;Co-branded;169378;18422;49355;24750216.46;518;113064.95
2020-06-30;2;Outras;Crédito;Outros;Puro;257065;178852;93502;23463062.65;6;1203.33
2020-06-30;2;MasterCard;Crédito;Básico Nacional;Híbrido;2875392;1394842;12726893;938293151.12;0;0.00
2020-06-30;2;VISA;Crédito;Empresarial;Híbrido;35120;14228;117202;131284599.12;0;0.00
2020-06-30;2;VISA;Crédito;Intermediário;Híbrido;832281;514703;8604155;1261613835.43;46984;8463099.21
2020-06-30;2;MasterCard;Pré-Pago;Básico Internacional;Puro;175041;6156;148005;13507500.98;26699;5101287.49
2020-06-30;2;MasterCard;Pré-Pago;Empresarial;Puro;8;2;5;55.51;0;0.00
2020-06-30;2;MasterCard;Crédito;Intermediário;Híbrido;5256450;5020925;53223250;6634378847.63;12577;2059048.67
2020-06-30;2;Elo;Crédito;Básico Nacional;Puro;5068165;2909349;54682730;5048057223.58;15516;3895146.70
2020-06-30;2;MasterCard;Débito;Premium;Co-branded;72978;14818;121085;10123199.01;0;0.00
2020-06-30;2;American Express;Crédito;Platinum;Puro;782;782;4990;800347.97;4;1019.28
2020-06-30;2;VISA;Débito;Básico Internacional;Co-branded;43137;10382;99745;8393851.14;0;0.00
2020-06-30;2;MasterCard;Crédito;Básico Internacional;Híbrido;427504;253679;2553712;303182885.66;12400;1572086.91
2020-06-30;2;MasterCard;Débito;Empresarial;Co-branded;155352;56590;830891;55070967.17;0;0.00
2020-06-30;2;MasterCard;Débito;Básico Internacional;Puro;78426893;21846116;464810904;30601830982.25;15372;2635104.52
2020-06-30;2;Elo;Crédito;Básico Internacional;Puro;5259358;2504054;33381473;3896234114.61;6439;2224368.45
2020-06-30;2;VISA;Pré-Pago;Empresarial;Puro;1192;1192;15034;1486561.71;0;0.00
2020-06-30;2;VISA;Débito;Básico Nacional;Puro;8387077;4609917;82010619;5720490536.31;337;57483.59
2020-06-30;2;MasterCard;Crédito;Outros;Híbrido;14104947;5298457;46331589;4535694821.71;91895;8992372.96
2020-06-30;2;Elo;Crédito;Empresarial;Puro;438482;191993;3594010;809840160.78;2685;1774971.58
2020-06-30;2;VISA;Pré-Pago;Outros;Puro;4495640;1430479;24299513;1285375250.00;55441;7364447.87
2020-06-30;2;Outras;Crédito;Intermediário;Puro;13292;5955;43870;6888501.44;192;35189.23
2020-06-30;2;VISA;Débito;Básico Nacional;Co-branded;2149;51;576;61608.18;0;0.00
2020-06-30;2;Hipercard;Crédito;Empresarial;Puro;1947;1302;6708;5231052.94;1;0.01
2020-06-30;2;VISA;Crédito;Platinum;Co-branded;185211;160867;4344844;795107779.17;42972;12087772.88
2020-06-30;2;American Express;Crédito;Corporativo;Puro;95501;59845;1421789;530706662.00;151698;143120074.00
2020-06-30;2;VISA;Débito;Intermediário;Puro;2929308;2064993;32694742;2781899712.38;194;38127.24
2020-06-30;2;Bandeira própria;Débito;Outros;Puro;1020548;394147;3825680;285393497.51;0;0.00
2020-06-30;2;VISA;Débito;Básico Internacional;Puro;90791369;26448461;382075734;28067324944.34;21809;3353082.18
2020-06-30;2;VISA;Débito;Premium;Puro;527788;281501;4088836;487338864.89;26;5514.77
2020-06-30;2;Elo;Pré-Pago;Outros;Puro;36429;5220;82924;6397328.52;17;2528.14
2020-06-30;2;VISA;Crédito;Básico Internacional;Co-branded;7197692;3226080;19238107;1738762093.26;27628;2564075.85
2020-06-30;2;VISA;Pré-Pago;Corporativo;Puro;627460;148194;2079609;158798426.05;874563;148802185.60
2020-06-30;2;VISA;Pré-Pago;Básico Nacional;Puro;1991704;298723;1460321;802326783.64;203;140847.28
2020-06-30;2;VISA;Crédito;Platinum;Híbrido;331931;214429;5502700;931706641.89;47340;13909586.04
2020-06-30;2;MasterCard;Crédito;Básico Internacional;Puro;11391322;6602953;91864343;8839649870.19;415587;75969962.31
2020-06-30;2;MasterCard;Débito;Empresarial;Puro;616631;156894;3157578;247241315.17;0;0.00
2020-06-30;2;Elo;Débito;Básico Nacional;Puro;164608445;61856529;777786272;49087770767.42;0;0.00
2020-06-30;2;MasterCard;Crédito;Platinum;Co-branded;447118;358091;8747450;1484446034.18;75571;19248714.41
2020-06-30;2;Elo;Crédito;Outros;Puro;141943;87385;2352545;429656079.11;2309;1316477.10
2020-06-30;2;Elo;Crédito;Básico Internacional;Co-branded;197303;197022;485416;42549337.13;156;23049.49
2020-06-30;2;MasterCard;Crédito;Platinum;Híbrido;138750;82720;2126515;358097836.81;16640;4238953.06
2020-06-30;2;MasterCard;Crédito;Outros;Co-branded;1072358;90;12;748.45;0;0.00
2020-06-30;2;MasterCard;Pré-Pago;Platinum;Puro;413543;174214;1781666;115164638.12;0;0.00
2020-06-30;2;MasterCard;Pré-Pago;Outros;Puro;13352572;2616902;23550200;1837590022.71;234457;37879758.10
2020-06-30;2;MasterCard;Débito;Intermediário;Puro;45088619;30228820;414799998;25807109723.37;9590;1968352.24
2020-06-30;2;VISA;Crédito;Empresarial;Puro;1419288;799686;16118369;3899909154.60;144216;125882296.25
2020-06-30;2;Hipercard;Crédito;Intermediário;Puro;3058865;2844010;38280186;5759117575.19;34;3746.23
2020-06-30;2;VISA;Crédito;Outros;Híbrido;4513182;505717;6164324;743585929.28;15616;2139339.67
2020-06-30;2;VISA;Pré-Pago;Platinum;Puro;17407;220;0;0.00;3203;1204275.01
2020-06-30;2;Elo;Crédito;Platinum;Puro;45831;39918;842512;134616385.19;881;143443.80
2020-06-30;2;VISA;Crédito;Básico Nacional;Puro;8650043;5173493;94045443;7597058935.53;152173;14914214.64
2020-06-30;2;MasterCard;Débito;Básico Internacional;Co-branded;1535725;479480;4247697;194762556.77;46;6297.13
2020-06-30;2;American Express;Crédito;Premium;Puro;418694;259285;7428240;1764406457.41;32278;27559695.49
2020-06-30;2;VISA;Débito;Intermediário;Co-branded;25;5;17;1296.64;0;0.00
2020-06-30;2;MasterCard;Pré-Pago;Corporativo;Puro;17531;4946;234497;15527993.80;1062;835983.03
2020-06-30;2;MasterCard;Crédito;Outros;Puro;251981;44726;513919;49704405.40;351;52107.91
2020-06-30;2;VISA;Crédito;Intermediário;Puro;8287040;6427729;131464835;16264355628.01;401085;62652308.29
2020-06-30;2;American Express;Crédito;Básico Nacional;Puro;101735;32189;757677;93142883.56;449;131469.19
2020-06-30;2;MasterCard;Crédito;Básico Nacional;Co-branded;13248665;1131879;10630541;1269509788.28;23;1435.90
2020-06-30;2;Elo;Pré-Pago;Básico Nacional;Puro;994851;112051;204630;13131374.82;37;3387.62
2020-06-30;2;VISA;Crédito;Premium;Puro;1252306;950375;45811161;8388279453.84;287677;127289958.91
2020-06-30;2;MasterCard;Crédito;Premium;Híbrido;2584;2356;187963;45833959.48;2935;1747464.24
2020-06-30;2;Elo;Crédito;Intermediário;Puro;2976507;1650448;23756072;2108405250.99;9053;1053253.60
2020-06-30;2;Elo;Débito;Corporativo;Puro;1889;1;1;170.50;0;0.00
2020-06-30;2;MasterCard;Crédito;Platinum;Puro;6322874;5138768;144721209;20125251470.83;1211964;252500055.57
2020-06-30;2;VISA;Crédito;Intermediário;Co-branded;860222;474585;6915507;916084944.06;32525;5640429.55
2020-06-30;2;VISA;Crédito;Corporativo;Puro;582477;308671;2126425;694049195.18;36329;62163598.17
2020-06-30;2;Elo;Débito;Empresarial;Puro;711850;301075;4930991;643004234.76;0;0.00
2020-06-30;2;MasterCard;Crédito;Empresarial;Puro;1828873;1433032;14934954;3729344118.83;261898;170598096.75
2020-06-30;2;MasterCard;Débito;Platinum;Puro;723920;392348;5102122;502983199.49;323;931394.28
2020-06-30;2;VISA;Crédito;Básico Nacional;Co-branded;6796304;1047362;7799732;857471790.98;210;11413.95
2020-06-30;2;MasterCard;Crédito;Empresarial;Híbrido;13895;10462;115987;34333166.46;2361;1298656.83
2020-06-30;2;VISA;Crédito;Premium;Híbrido;9932;9255;864788;204916677.61;12778;6640623.35
2020-06-30;2;VISA;Débito;Platinum;Puro;1787415;1116858;21757092;2194905999.66;22;5058.49
2020-06-30;2;MasterCard;Crédito;Básico Internacional;Co-branded;5243811;2259647;16617251;1708599001.18;55414;6302072.12
2020-06-30;2;Bandeira própria;Crédito;Outros;Híbrido;1732520;839457;4703589;600462637.98;0;0.00
2020-06-30;2;MasterCard;Débito;Básico Nacional;Puro;816748;472616;8057255;618633072.79;1;1074.33
2020-06-30;2;VISA;Pré-Pago;Básico Internacional;Puro;12272331;3418737;4876200;297672961.48;1416034;190151466.65
2020-06-30;2;Bandeira própria;Crédito;Básico Nacional;Co-branded;4154066;942807;2824987;221879638.33;0;0.00
2020-06-30;2;VISA;Crédito;Premium;Co-branded;239;141;4094;865784.85;52;2508.49
2020-09-30;3;MasterCard;Crédito;Outros;Puro;236669;44632;676587;65810522.05;1312;320365.85
2020-09-30;3;Elo;Débito;Empresarial;Puro;787387;313495;6767383;955452296.46;0;0.00
2020-09-30;3;VISA;Pré-Pago;Outros;Puro;6132020;2210901;44579588;2423750297.09;89400;11493677.37
2020-09-30;3;Bandeira própria;Crédito;Outros;Híbrido;2063874;830268;5282137;785763221.38;0;0.00
2020-09-30;3;Elo;Débito;Básico Internacional;Puro;1183;310;4042;254973.63;0;0.00
2020-09-30;3;Elo;Crédito;Outros;Puro;155720;95767;2732735;542096488.87;2887;2210585.65
2020-09-30;3;MasterCard;Débito;Platinum;Co-branded;131141;18734;257449;17726882.92;8;735.99
2020-09-30;3;VISA;Débito;Básico Nacional;Puro;8782412;4891012;107702982;7742014654.83;494;85683.80
2020-09-30;3;VISA;Crédito;Platinum;Híbrido;338360;218867;7207883;1285373260.31;52451;16844025.92
2020-09-30;3;MasterCard;Pré-Pago;Outros;Puro;10313464;2269661;27769884;1929351688.78;225360;32530986.79
2020-09-30;3;Hipercard;Crédito;Intermediário;Puro;29495;25223;4989505;789087464.53;1;821.07
2020-09-30;3;MasterCard;Crédito;Intermediário;Co-branded;7376436;6211187;80867989;9533067906.82;115367;19646084.96
2020-09-30;3;MasterCard;Crédito;Outros;Co-branded;1072295;70;28;73.45;0;0.00
2020-09-30;3;VISA;Crédito;Empresarial;Híbrido;48143;14374;124136;161152785.69;0;0.00
2020-09-30;3;Elo;Débito;Básico Nacional;Puro;206169023;74772472;1052717581;91186778533.76;0;0.00
2020-09-30;3;VISA;Crédito;Premium;Híbrido;10071;9399;1123699;272721726.29;15170;8483606.31
2020-09-30;3;VISA;Crédito;Básico Nacional;Co-branded;6770035;981226;8685461;984144336.72;365;19416.47
2020-09-30;3;MasterCard;Pré-Pago;Empresarial;Puro;297;77;478;28964.42;0;0.00
2020-09-30;3;MasterCard;Débito;Básico Nacional;Puro;799586;461246;9927481;774832185.63;4;5565.13
2020-09-30;3;Outras;Crédito;Intermediário;Híbrido;21489;11958;37449;6514244.83;0;0.00
2020-09-30;3;MasterCard;Crédito;Empresarial;Co-branded;193490;19794;70550;29417091.64;712;202859.84
2020-09-30;3;American Express;Crédito;Corporativo;Puro;83880;60345;1126259;418445735.07;115841;113088385.46
2020-09-30;3;MasterCard;Débito;Empresarial;Puro;731412;205677;5129364;410762303.47;0;0.00
2020-09-30;3;VISA;Débito;Intermediário;Co-branded;21;2;1;157.85;0;0.00
2020-09-30;3;MasterCard;Débito;Intermediário;Puro;46870926;30815042;536186713;34579433973.46;12561;2835923.74
2020-09-30;3;VISA;Crédito;Intermediário;Co-branded;869991;471753;8393179;1151988678.76;33318;7380582.49
2020-09-30;3;MasterCard;Débito;Platinum;Puro;710103;378675;6939338;673209680.62;340;102380.50
2020-09-30;3;Elo;Crédito;Intermediário;Puro;2986762;1655127;26125677;2762616367.02;15949;1998199.18
2020-09-30;3;VISA;Crédito;Premium;Co-branded;169;130;5570;987260.98;35;1419.78
2020-09-30;3;Elo;Pré-Pago;Básico Nacional;Puro;3429233;143961;398286;35646432.59;128;6568.90
2020-09-30;3;MasterCard;Débito;Básico Internacional;Co-branded;2051390;692257;9110317;403934085.67;62;30995.25
2020-09-30;3;MasterCard;Crédito;Intermediário;Puro;37635922;28825153;574598423;55141625516.52;2234191;268273785.91
2020-09-30;3;VISA;Crédito;Básico Internacional;Co-branded;7244179;2929865;22641224;2149534790.86;27037;2885610.95
2020-09-30;3;Elo;Crédito;Empresarial;Puro;461004;208113;4180208;980031833.68;5785;2817142.03
2020-09-30;3;MasterCard;Crédito;Básico Internacional;Híbrido;420067;253305;3112624;387426284.21;12725;1692440.24
2020-09-30;3;MasterCard;Crédito;Básico Nacional;Co-branded;13199591;1033269;11979576;1493291311.04;127;6394.69
2020-09-30;3;VISA;Crédito;Básico Nacional;Puro;9050023;5336375;107390631;8882079646.14;145404;17359181.95
2020-09-30;3;VISA;Débito;Básico Nacional;Co-branded;1663;44;478;52718.05;0;0.00
2020-09-30;3;VISA;Pré-Pago;Corporativo;Puro;668034;130895;2205680;188057717.30;536527;100501072.23
2020-09-30;3;Elo;Crédito;Premium;Puro;25694;22824;881269;167746126.71;853;655314.53
2020-09-30;3;Bandeira própria;Crédito;Outros;Puro;321387;162619;1824505;202253764.39;0;0.00
2020-09-30;3;VISA;Crédito;Intermediário;Puro;9949579;7246263;161825845;20499325403.54;521375;106257935.04
2020-09-30;3;Elo;Crédito;Corporativo;Puro;24434;13697;38170;131516574.77;73;110208.24
2020-09-30;3;Elo;Crédito;Básico Internacional;Co-branded;247004;195965;752182;82969810.15;201;15811.97
2020-09-30;3;MasterCard;Pré-Pago;Básico Internacional;Puro;3408203;520731;4279787;406438812.56;53787;11856988.78
2020-09-30;3;MasterCard;Crédito;Intermediário;Híbrido;5057388;4836283;60244361;8058761019.91;14009;2326744.54
2020-09-30;3;Elo;Pré-Pago;Básico Internacional;Puro;5703844;2824555;21193530;992994295.31;0;0.00
2020-09-30;3;VISA;Crédito;Platinum;Puro;5557795;4097232;156368952;22619774201.46;1057716;312811441.03
2020-09-30;3;Elo;Crédito;Básico Nacional;Puro;4806325;2807885;61170082;5748101148.69;17948;4790800.64
2020-09-30;3;MasterCard;Crédito;Básico Internacional;Puro;13761059;7352012;109842747;10705940228.87;433853;95766895.45
2020-09-30;3;MasterCard;Débito;Premium;Co-branded;76726;15348;186170;15815036.81;3;1437.03
2020-09-30;3;MasterCard;Crédito;Básico Nacional;Híbrido;3428170;1382319;14443286;1087062347.15;0;0.00
2020-09-30;3;Hipercard;Crédito;Empresarial;Puro;1905;1294;8944;5421263.84;1;0.01
2020-09-30;3;Bandeira própria;Crédito;Outros;Co-branded;5647767;3780023;3832312;754649552.64;0;0.00
2020-09-30;3;Elo;Crédito;Platinum;Puro;45451;40528;1040197;170096326.06;915;213720.96
2020-09-30;3;MasterCard;Crédito;Premium;Co-branded;106165;70726;2504352;626029797.41;39374;23535391.05
2020-09-30;3;VISA;Pré-Pago;Básico Internacional;Co-branded;21122;5638;1664;188468.01;0;0.00
2020-09-30;3;MasterCard;Pré-Pago;Básico Nacional;Puro;57671;23784;75232;52064041.57;0;0.00
2020-09-30;3;MasterCard;Crédito;Premium;Puro;1992910;1647262;93574096;18724822879.49;1156933;549361441.76
2020-09-30;3;VISA;Débito;Premium;Puro;535656;283432;6044512;707314950.17;20;4762.87
2020-09-30;3;MasterCard;Crédito;Outros;Híbrido;14517704;5338312;57216898;5902907665.18;103143;10707281.84
2020-09-30;3;American Express;Crédito;Intermediário;Puro;611362;342225;6848961;1163166556.66;60202;21145445.83
2020-09-30;3;Bandeira própria;Débito;Outros;Puro;1038070;412810;4319667;335271880.31;0;0.00
2020-09-30;3;VISA;Crédito;Empresarial;Puro;1465437;824990;18899504;4859539641.04;259232;243552831.99
2020-09-30;3;MasterCard;Crédito;Platinum;Co-branded;437714;348716;10790152;1887499906.97;84640;27080786.39
2020-09-30;3;MasterCard;Crédito;Básico Internacional;Co-branded;6579100;2355579;23697734;2313404296.74;63816;7959512.24
2020-09-30;3;Outras;Crédito;Outros;Co-branded;45853;163;163;8993.35;0;0.00
2020-09-30;3;Bandeira própria;Pré-Pago;Outros;Puro;427800;247203;976930;1038038635.38;0;0.00
2020-09-30;3;Elo;Crédito;Básico Internacional;Puro;4994268;2413769;35197126;4562416608.65;26147;9444481.58
2020-09-30;3;MasterCard;Pré-Pago;Corporativo;Puro;9855;1625;139843;9855211.52;683;620506.69
2020-09-30;3;MasterCard;Débito;Premium;Puro;217810;112913;1398157;171510332.02;133;45736.13
2020-09-30;3;VISA;Débito;Intermediário;Puro;2976919;2081747;43653391;3753722414.17;258;60890.24
2020-09-30;3;Outras;Crédito;Intermediário;Puro;8224;6983;52519;9571518.64;202;32508.35
2020-09-30;3;VISA;Pré-Pago;Básico Internacional;Puro;13134685;3538549;5153320;421726297.59;914775;129055362.75
2020-09-30;3;Elo;Pré-Pago;Outros;Puro;102012;11574;208927;18486396.37;42;5515.92
2020-09-30;3;VISA;Crédito;Premium;Puro;1316606;1000031;56967579;10807422660.87;474073;246439936.09
2020-09-30;3;Outras;Crédito;Outros;Puro;212409;171504;102449;24951715.97;0;0.00
2020-09-30;3;Bandeira própria;Crédito;Básico Nacional;Co-branded;4235534;976354;2880793;253267552.71;0;0.00
2020-09-30;3;MasterCard;Crédito;Básico Nacional;Puro;6797716;4118885;34092242;3009271388.09;46892;2832367.12
2020-09-30;3;MasterCard;Crédito;Premium;Híbrido;2616;2360;236422;60186343.99;3346;2005214.66
2020-09-30;3;VISA;Pré-Pago;Platinum;Puro;17030;219;0;0.00;2117;856964.27
2020-09-30;3;VISA;Crédito;Intermediário;Híbrido;873271;548043;11139051;1720151319.38;50191;10465338.61
2020-09-30;3;VISA;Crédito;Platinum;Co-branded;189234;167217;5624689;1054327415.10;48563;16701687.82
2020-09-30;3;Elo;Crédito;Empresarial;Co-branded;1181;13;11;78580.79;0;0.00
2020-09-30;3;MasterCard;Pré-Pago;Platinum;Puro;590659;289447;3715994;245193247.08;0;0.00
2020-09-30;3;American Express;Crédito;Premium;Puro;423759;292440;7807916;2034272459.32;143118;101461559.48
2020-09-30;3;MasterCard;Débito;Empresarial;Co-branded;180403;67570;1286461;92583896.60;1;236.49
2020-09-30;3;MasterCard;Crédito;Corporativo;Puro;130216;72115;1469340;419215556.78;43372;70090961.18
2020-09-30;3;MasterCard;Crédito;Platinum;Puro;6589133;5372762;182234430;25888319763.05;1375946;339070906.83
2020-09-30;3;Hipercard;Crédito;Platinum;Puro;3519335;3293186;41630488;6865188777.45;1;0.01
2020-09-30;3;VISA;Crédito;Outros;Híbrido;4612479;554215;8068724;1018414276.51;17572;3101552.44
2020-09-30;3;MasterCard;Crédito;Empresarial;Puro;2004003;1486937;18764729;4882823865.45;294902;205584529.38
2020-09-30;3;VISA;Débito;Básico Internacional;Puro;90421245;27277725;500340642;37726949871.97;27863;4794076.21
2020-09-30;3;VISA;Crédito;Corporativo;Puro;573243;290925;2622860;893139540.70;62639;101078952.67
2020-09-30;3;MasterCard;Débito;Básico Internacional;Puro;79995080;22564284;578731133;40323627578.43;17482;3173617.21
2020-09-30;3;American Express;Crédito;Básico Nacional;Puro;76581;44575;754889;100714295.01;4092;995980.68
2020-09-30;3;VISA;Crédito;Empresarial;Co-branded;5622;1313;13499;14302289.33;85;12771.68
2020-09-30;3;VISA;Crédito;Outros;Puro;480106;301269;3321459;433857925.72;24554;11119169.45
2020-09-30;3;VISA;Débito;Empresarial;Puro;1564874;601899;17278620;2317281392.49;769;187851.84
2020-09-30;3;MasterCard;Crédito;Empresarial;Híbrido;16939;12451;169975;50743494.47;2989;1754872.46
2020-09-30;3;MasterCard;Pré-Pago;Intermediário;Puro;12100543;6079780;120591088;5327134433.85;1;0.01
2020-09-30;3;VISA;Crédito;Básico Internacional;Híbrido;5322627;3389652;36575111;4142993712.07;101903;14008679.58
2020-09-30;3;VISA;Pré-Pago;Básico Nacional;Puro;2525281;313165;1507625;1072539237.45;102;64002.14
2020-09-30;3;American Express;Crédito;Empresarial;Puro;23191;16227;384108;174719319.51;13912;20487446.13
2020-09-30;3;VISA;Débito;Outros;Puro;238;147;2993;154927.54;0;0.00
2020-09-30;3;VISA;Crédito;Básico Nacional;Híbrido;7321270;4049420;29091415;3049052573.77;0;0.00
2020-09-30;3;VISA;Débito;Platinum;Puro;1791451;1104164;30120337;2996479833.91;81;17793.21
2020-09-30;3;American Express;Crédito;Platinum;Puro;1435;1435;1435;288740.62;3;796.46
2020-09-30;3;MasterCard;Débito;Intermediário;Co-branded;748622;72654;1145616;63948886.66;2;142.56
2020-09-30;3;VISA;Débito;Básico Internacional;Co-branded;39281;9574;101037;8439213.08;0;0.00
2020-09-30;3;VISA;Crédito;Básico Internacional;Puro;10363730;6675383;142848222;13702575670.17;513450;75974312.51
2020-09-30;3;Outras;Débito;Outros;Puro;3483227;1879278;37663683;3514335509.79;0;0.00
2020-09-30;3;MasterCard;Crédito;Platinum;Híbrido;138528;81891;2667966;470511812.55;17238;4837479.74
2020-09-30;3;VISA;Pré-Pago;Empresarial;Puro;2192;1328;21720;2252168.91;0;0.00
2020-12-31;4;MasterCard;Crédito;Premium;Puro;2020443;1669895;111326109;22995111180.34;1217137;613691799.42
2020-12-31;4;VISA;Crédito;Platinum;Co-branded;206569;183056;6971124;1326255918.01;54845;20032108.20
2020-12-31;4;Elo;Crédito;Intermediário;Puro;2498027;1121699;17571220;1919123134.34;4118;615878.16
2020-12-31;4;Bandeira própria;Pré-Pago;Outros;Puro;368935;202961;767434;692737816.79;0;0.00
2020-12-31;4;MasterCard;Crédito;Básico Nacional;Puro;6400878;3961039;36767968;3275197204.97;36243;2417321.02
2020-12-31;4;VISA;Crédito;Básico Nacional;Co-branded;6769452;924949;9261513;1077568909.61;455;20187.32
2020-12-31;4;VISA;Crédito;Intermediário;Co-branded;957191;519171;10277973;1441737703.88;36043;8978779.14
2020-12-31;4;MasterCard;Pré-Pago;Empresarial;Puro;92283;43756;796846;58334315.78;0;0.00
2020-12-31;4;MasterCard;Pré-Pago;Platinum;Puro;1960190;1101691;16299478;965287758.61;0;0.00
2020-12-31;4;Elo;Crédito;Básico Nacional;Puro;4158451;2189038;56913257;5663365486.97;20952;6542638.91
2020-12-31;4;Elo;Débito;Básico Nacional;Puro;42703523;17004261;437168088;28948444336.14;0;0.00
2020-12-31;4;American Express;Crédito;Intermediário;Puro;589220;351813;7733987;1350002979.86;56738;22196232.51
2020-12-31;4;MasterCard;Pré-Pago;Outros;Puro;11309518;2170304;26632439;1642485857.90;212253;30856438.99
2020-12-31;4;VISA;Crédito;Básico Internacional;Híbrido;5287879;3384831;41511547;4640600744.75;100028;15069163.98
2020-12-31;4;MasterCard;Crédito;Básico Internacional;Híbrido;393421;229532;3537088;444372936.70;12321;1846562.41
2020-12-31;4;MasterCard;Crédito;Empresarial;Co-branded;210504;20662;76827;30926618.12;854;299697.71
2020-12-31;4;MasterCard;Crédito;Corporativo;Puro;139797;76234;1973183;618767742.87;55992;83570214.94
2020-12-31;4;MasterCard;Crédito;Premium;Híbrido;2320;2083;276767;71205110.29;3576;2634228.48
2020-12-31;4;American Express;Crédito;Empresarial;Puro;22349;16353;446921;227174558.15;14951;23670131.91
2020-12-31;4;Bandeira própria;Crédito;Básico Nacional;Co-branded;4310931;1030624;3036987;290468948.28;0;0.00
2020-12-31;4;MasterCard;Crédito;Premium;Co-branded;114489;77611;3200626;818127323.19;43571;27084124.97
2020-12-31;4;MasterCard;Pré-Pago;Corporativo;Puro;9647;370;69664;5282119.91;385;385507.35
2020-12-31;4;VISA;Crédito;Premium;Co-branded;4901;3525;110556;46682276.59;1462;1080284.73
2020-12-31;4;VISA;Crédito;Básico Nacional;Híbrido;7259032;3989985;32162840;3317368334.62;0;0.00
2020-12-31;4;VISA;Crédito;Premium;Puro;1488329;1131938;73133944;14269343114.24;550332;319935309.15
2020-12-31;4;VISA;Crédito;Básico Internacional;Puro;10985989;6893919;165390557;15911145176.20;517871;82661918.19
2020-12-31;4;VISA;Débito;Platinum;Puro;1783390;1079491;36851247;3708434141.83;201;52874.51
2020-12-31;4;VISA;Débito;Outros;Puro;382;273;4584;250753.56;0;0.00
2020-12-31;4;MasterCard;Crédito;Outros;Puro;235772;47333;707108;75862098.07;1411;411703.22
2020-12-31;4;Elo;Crédito;Empresarial;Puro;483810;231923;4838156;1181179303.93;13629;3124589.26
2020-12-31;4;MasterCard;Pré-Pago;Intermediário;Puro;13985370;7525777;186753158;8164410723.10;1;0.01
2020-12-31;4;MasterCard;Débito;Platinum;Puro;685990;351492;8259898;814280011.03;818;315665.74
2020-12-31;4;MasterCard;Débito;Intermediário;Puro;48876922;31606031;659835638;43827403045.37;16089;4394999.34
2020-12-31;4;American Express;Crédito;Premium;Puro;418054;300805;9284393;2582454560.15;149613;124417622.20
2020-12-31;4;VISA;Débito;Básico Nacional;Co-branded;749;31;441;33994.00;0;0.00
2020-12-31;4;Elo;Crédito;Básico Internacional;Puro;4604008;2146615;35990057;4844328315.76;28193;12859146.61
2020-12-31;4;VISA;Crédito;Básico Internacional;Co-branded;7561886;2745515;24418796;2426466988.42;27007;2803108.72
2020-12-31;4;VISA;Débito;Intermediário;Co-branded;18;1;1;28.00;0;0.00
2020-12-31;4;Elo;Pré-Pago;Básico Nacional;Puro;3844456;161214;504004;39249776.87;38;8225.98
2020-12-31;4;MasterCard;Crédito;Outros;Híbrido;15064089;5466250;66612183;7049354974.77;110892;13038901.44
2020-12-31;4;MasterCard;Crédito;Platinum;Co-branded;451542;350072;12769562;2264261106.84;89957;30939655.87
2020-12-31;4;VISA;Pré-Pago;Básico Nacional;Puro;2860015;434211;2347758;1190420648.41;44;22605.24
2020-12-31;4;Elo;Débito;Outros;Puro;166500888;64526987;740798423;58681486359.77;0;0.00
2020-12-31;4;VISA;Crédito;Premium;Híbrido;9754;9022;1341909;335087475.35;16881;10286514.87
2020-12-31;4;Hipercard;Crédito;Empresarial;Puro;1865;1280;9107;6147640.59;1;0.01
2020-12-31;4;Bandeira própria;Crédito;Outros;Co-branded;6523472;3572162;5188481;1143020742.51;0;0.00
2020-12-31;4;MasterCard;Débito;Básico Internacional;Puro;79475122;22162116;657690338;47668493753.71;29669;10097911.04
2020-12-31;4;MasterCard;Crédito;Platinum;Híbrido;127777;71260;3060867;545098183.70;17569;5532236.48
2020-12-31;4;Outras;Crédito;Outros;Híbrido;22116;12375;73132;10356800.36;0;0.00
2020-12-31;4;Hipercard;Crédito;Platinum;Puro;3296327;3097948;49561760;8104895804.55;1;0.01
2020-12-31;4;VISA;Crédito;Intermediário;Puro;11935825;8395092;200558135;24995157883.75;564192;120623260.73
2020-12-31;4;VISA;Pré-Pago;Outros;Puro;7969070;2669113;51760963;2913302621.93;126552;14443654.64
2020-12-31;4;MasterCard;Débito;Premium;Puro;217454;110472;1780819;223080365.49;495;458253.24
2020-12-31;4;VISA;Débito;Premium;Puro;541925;286097;7894298;933263827.80;72;24477.16
2020-12-31;4;MasterCard;Pré-Pago;Básico Internacional;Puro;3649197;667525;4716244;437616932.88;43591;9434700.41
2020-12-31;4;American Express;Crédito;Corporativo;Puro;78156;57057;746684;353168931.46;23773;51380571.35
2020-12-31;4;MasterCard;Crédito;Platinum;Puro;8940893;7384395;254370495;34043396076.58;1578173;399827949.54
2020-12-31;4;MasterCard;Débito;Premium;Co-branded;83727;16473;252980;22974993.98;48;24819.25
2020-12-31;4;MasterCard;Débito;Platinum;Co-branded;137363;18374;326799;23183114.86;12;2581.80
2020-12-31;4;VISA;Crédito;Corporativo;Puro;561576;272688;3374496;1269983212.92;72961;120326683.30
2020-12-31;4;VISA;Crédito;Intermediário;Híbrido;887527;557298;13289026;2081616896.23;54908;12214488.59
2020-12-31;4;Elo;Pré-Pago;Outros;Puro;125660;17825;285394;22414314.42;83;1383.42
2020-12-31;4;VISA;Crédito;Corporativo;Co-branded;2;1;1;0.01;1;0.01
2020-12-31;4;VISA;Crédito;Empresarial;Co-branded;3991;1243;14077;14278650.62;89;31013.63
2020-12-31;4;VISA;Pré-Pago;Platinum;Puro;17030;471;0;0.00;955;345181.16
2020-12-31;4;MasterCard;Débito;Empresarial;Co-branded;199713;69392;1580949;120670515.77;25;10955.16
2020-12-31;4;MasterCard;Pré-Pago;Premium;Puro;8;1;2;35.90;0;0.00
2020-12-31;4;MasterCard;Crédito;Básico Internacional;Puro;15990785;7400103;135032239;13213498726.91;448425;100163640.97
2020-12-31;4;VISA;Pré-Pago;Corporativo;Puro;741747;135038;2513152;223770219.42;266433;55407962.34
2020-12-31;4;Bandeira própria;Débito;Outros;Puro;1033408;406117;5080312;395653780.85;0;0.00
2020-12-31;4;VISA;Pré-Pago;Básico Internacional;Co-branded;19950;3585;2566;232768.68;0;0.00
2020-12-31;4;Outras;Crédito;Outros;Co-branded;10964;12;39;2249.32;0;0.00
2020-12-31;4;MasterCard;Débito;Empresarial;Puro;813058;244549;6862946;557087833.95;35;36851.88
2020-12-31;4;Bandeira própria;Crédito;Outros;Puro;308892;153716;1951166;223352622.37;0;0.00
2020-12-31;4;MasterCard;Crédito;Básico Internacional;Co-branded;9365024;2451744;26261692;2885987529.98;70788;10474752.32
2020-12-31;4;VISA;Pré-Pago;Empresarial;Puro;2499;1594;28099;3034352.68;0;0.00
2020-12-31;4;Bandeira própria;Crédito;Outros;Híbrido;2096887;822119;3806515;726294640.74;0;0.00
2020-12-31;4;MasterCard;Crédito;Outros;Co-branded;1072346;59;10;163.68;0;0.00
2020-12-31;4;Outras;Crédito;Outros;Puro;203023;165042;102982;25555157.74;1;753.02
2020-12-31;4;MasterCard;Crédito;Intermediário;Co-branded;7740718;6532306;91932713;11321118178.53;119687;21302429.04
2020-12-31;4;MasterCard;Crédito;Empresarial;Puro;2247589;1619520;22224894;5914260233.86;305598;219873757.79
2020-12-31;4;Elo;Débito;Básico Internacional;Puro;1164;303;4696;278999.02;0;0.00
2020-12-31;4;Outras;Crédito;Intermediário;Puro;7766;6710;57043;10090034.07;118;58099.42
2020-12-31;4;VISA;Débito;Intermediário;Puro;3033787;2096328;53462085;4715221442.46;249;58058.45
2020-12-31;4;Elo;Crédito;Outros;Puro;2005417;1595514;28763019;3348730567.52;13130;5187893.12
2020-12-31;4;MasterCard;Débito;Básico Nacional;Puro;708846;419067;11533560;925802913.94;5;5855.61
2020-12-31;4;MasterCard;Crédito;Empresarial;Híbrido;20212;15345;224348;66186297.14;3356;1942571.55
2020-12-31;4;VISA;Crédito;Outros;Puro;579442;351778;4490284;610272506.62;30070;16325767.23
2020-12-31;4;MasterCard;Débito;Básico Internacional;Co-branded;2880773;1019117;14682400;619647735.46;209;43047.35
2020-12-31;4;Hipercard;Crédito;Intermediário;Puro;6394;2387;38455;3579267.24;1;0.01
2020-12-31;4;VISA;Crédito;Outros;Híbrido;4766613;636538;9988821;1241933513.44;19204;3015296.11
2020-12-31;4;Elo;Pré-Pago;Básico Internacional;Puro;4866538;3037149;26422008;1267435881.50;0;0.00
2020-12-31;4;MasterCard;Crédito;Básico Nacional;Híbrido;3493831;1404489;15813328;1199521867.35;0;0.00
2020-12-31;4;MasterCard;Crédito;Intermediário;Híbrido;4969440;4739951;66793680;9294225576.07;14380;2590396.39
2020-12-31;4;Elo;Crédito;Empresarial;Co-branded;1093;9;29;136940.46;0;0.00
2020-12-31;4;MasterCard;Crédito;Intermediário;Puro;38855635;29987565;640213745;62290290412.68;2188978;282596462.51
2020-12-31;4;VISA;Débito;Básico Internacional;Puro;92616628;28803194;625344968;47654633125.28;27072;5906699.63
2020-12-31;4;Elo;Crédito;Básico Internacional;Co-branded;373052;336468;1104593;165899416.38;207;21372.32
2020-12-31;4;VISA;Crédito;Platinum;Puro;5740986;4223299;187396213;27549990733.79;1082845;348791020.84
2020-12-31;4;MasterCard;Débito;Intermediário;Co-branded;760964;70730;1345906;78256881.68;17;9615.49
2020-12-31;4;VISA;Débito;Empresarial;Puro;1563115;619288;20872758;2926086735.42;1419;528985.59
2020-12-31;4;Outras;Débito;Outros;Puro;3505501;1855859;45575624;4329106047.43;0;0.00
2020-12-31;4;American Express;Crédito;Básico Nacional;Puro;73856;46492;831753;114690224.39;3757;1232266.99
2020-12-31;4;VISA;Débito;Básico Internacional;Co-branded;35991;7947;106203;8958057.86;0;0.00
2020-12-31;4;MasterCard;Crédito;Básico Nacional;Co-branded;13212292;984770;13070560;1721878886.85;137;9128.30
2020-12-31;4;Elo;Débito;Empresarial;Puro;853295;336780;8343174;1230981672.07;0;0.00
2020-12-31;4;Elo;Crédito;Corporativo;Puro;24343;13605;45669;128290896.04;52;93438.46
2020-12-31;4;VISA;Crédito;Empresarial;Puro;1531466;888848;22630957;5944935956.45;270086;260782107.48
2020-12-31;4;VISA;Débito;Básico Nacional;Puro;9257941;5167800;137748427;10042874777.30;890;171029.49
2020-12-31;4;VISA;Crédito;Platinum;Híbrido;327329;206829;8454872;1535266256.41;54304;19424603.26
2020-12-31;4;VISA;Crédito;Empresarial;Híbrido;41373;15439;161319;197125387.08;0;0.00
2020-12-31;4;VISA;Pré-Pago;Básico Internacional;Puro;12623843;4615152;30705562;1670094801.03;577353;85721371.74
2020-12-31;4;VISA;Crédito;Básico Nacional;Puro;9508210;5563788;123294371;10179595170.51;150573;19716425.30
2020-12-31;4;MasterCard;Pré-Pago;Básico Nacional;Puro;65462;25846;101850;60277935.27;0;0.00
2021-03-31;1;Elo;Crédito;Básico Internacional;Puro;4925884;2367354;39991824;5419298623.05;30613;12174875.95
2021-03-31;1;VISA;Crédito;Empresarial;Puro;1568357;936649;23128163;5953208495.53;265127;236459986.84
2021-03-31;1;MasterCard;Crédito;Premium;Híbrido;2363;2097;249288;65763688.96;3446;2205603.54
2021-03-31;1;MasterCard;Crédito;Platinum;Co-branded;478240;365781;12142186;2092812886.54;89226;29865385.05
2021-03-31;1;MasterCard;Crédito;Platinum;Puro;10368992;8619262;274313905;33241379347.68;1630414;382771304.16
2021-03-31;1;VISA;Pré-Pago;Corporativo;Puro;792538;114591;2696424;251703294.49;117899;28573484.48
2021-03-31;1;Elo;Crédito;Básico Nacional;Puro;4587449;2687015;61619701;6037795637.25;18852;5779745.60
2021-03-31;1;MasterCard;Crédito;Empresarial;Co-branded;239963;35656;140253;43884666.29;1046;379961.56
2021-03-31;1;MasterCard;Pré-Pago;Outros;Puro;18326806;5450488;29987631;1885832158.73;213287;32090576.13
2021-03-31;1;Elo;Débito;Empresarial;Puro;864539;350973;7675987;1059193690.94;0;0.00
2021-03-31;1;VISA;Débito;Platinum;Puro;1790585;1061812;32039326;3137991671.63;195;49756.09
2021-03-31;1;MasterCard;Débito;Básico Internacional;Co-branded;4544808;1586688;19016162;703547906.30;186;74509.67
2021-03-31;1;Elo;Débito;Básico Internacional;Puro;4474;1104;4397;304132.84;0;0.00
2021-03-31;1;VISA;Crédito;Intermediário;Puro;14190163;9543410;207214592;24650840217.62;556321;112082693.88
2021-03-31;1;VISA;Crédito;Platinum;Híbrido;328160;204213;7739934;1376281380.77;49022;17686180.89
2021-03-31;1;MasterCard;Débito;Básico Internacional;Puro;78543309;19967596;548353924;38361064079.69;27325;9427712.47
2021-03-31;1;VISA;Crédito;Básico Internacional;Híbrido;5580728;3421865;41289580;4789224969.79;90307;14396673.10
2021-03-31;1;American Express;Crédito;Intermediário;Puro;574163;348180;7818627;1349996974.89;54516;20703988.43
2021-03-31;1;VISA;Débito;Intermediário;Puro;2265079;1385961;44069797;3772655423.42;363;77449.04
2021-03-31;1;Elo;Crédito;Empresarial;Puro;485868;245878;4905861;1171420945.35;8118;2400956.24
2021-03-31;1;MasterCard;Pré-Pago;Básico Internacional;Puro;952;693;290;38762.66;0;0.00
2021-03-31;1;VISA;Crédito;Intermediário;Co-branded;1059784;590345;10897479;1442494198.61;35880;7941612.42
2021-03-31;1;VISA;Pré-Pago;Básico Internacional;Puro;13080960;4702413;33519805;1814185049.84;222125;37249498.14
2021-03-31;1;Hipercard;Crédito;Empresarial;Puro;1801;1175;8587;4150206.45;1;0.01
2021-03-31;1;MasterCard;Crédito;Intermediário;Puro;42890623;31971559;579860019;53537265445.99;2093585;273663102.63
2021-03-31;1;MasterCard;Débito;Platinum;Puro;672961;341411;7033443;672634852.01;583;238492.97
2021-03-31;1;American Express;Crédito;Empresarial;Puro;22003;16255;418972;214563551.64;14309;19104692.52
2021-03-31;1;MasterCard;Débito;Básico Nacional;Puro;635811;418054;9891389;775636915.58;6;7496.27
2021-03-31;1;Outras;Crédito;Intermediário;Híbrido;23609;13759;76928;11348150.83;0;0.00
2021-03-31;1;MasterCard;Crédito;Outros;Puro;218301;37703;683595;73346388.24;938;357881.62
2021-03-31;1;Elo;Crédito;Platinum;Puro;55233;45840;1149082;178756606.71;1311;237923.25
2021-03-31;1;Elo;Crédito;Intermediário;Puro;3545160;1765081;26579546;2733195065.48;9603;1396117.59
2021-03-31;1;MasterCard;Pré-Pago;Platinum;Puro;2737845;1585061;27810017;1437134058.96;0;0.00
2021-03-31;1;VISA;Crédito;Outros;Puro;613242;383824;4823609;645029946.47;31763;15266072.68
2021-03-31;1;MasterCard;Crédito;Intermediário;Híbrido;4886999;4649816;62264743;8246708934.32;15201;2639775.89
2021-03-31;1;Outras;Crédito;Outros;Puro;190847;156887;89980;22457262.71;0;0.00
2021-03-31;1;VISA;Crédito;Premium;Co-branded;10037;7415;387742;147154955.97;4266;2717716.14
2021-03-31;1;Elo;Crédito;Premium;Puro;32987;28498;1082172;201419769.38;1018;471291.93
2021-03-31;1;VISA;Crédito;Básico Nacional;Puro;10161067;5766223;124349362;10234447790.54;147384;19116388.38
2021-03-31;1;MasterCard;Crédito;Premium;Puro;2070023;1698231;103691337;20229181120.54;1187636;602662738.75
2021-03-31;1;American Express;Crédito;Básico Nacional;Puro;71852;44972;829891;114760580.11;3929;1168568.67
2021-03-31;1;MasterCard;Crédito;Intermediário;Co-branded;19077242;7272625;89255205;10452730412.18;127492;20614449.47
2021-03-31;1;MasterCard;Débito;Básico Nacional;Co-branded;2345582;1008933;195;276235435.65;0;0.00
2021-03-31;1;MasterCard;Crédito;Premium;Co-branded;124688;84776;3234531;812147408.54;43523;26355694.81
2021-03-31;1;American Express;Crédito;Corporativo;Puro;89385;66726;753607;319356055.68;27275;58940452.93
2021-03-31;1;MasterCard;Crédito;Outros;Híbrido;15754508;5597254;65039854;6529337288.80;101777;11719868.26
2021-03-31;1;VISA;Crédito;Básico Internacional;Co-branded;7594916;2528421;20445674;1916015794.03;23944;3314338.72
2021-03-31;1;Outras;Crédito;Outros;Co-branded;10940;13;18;874.45;0;0.00
2021-03-31;1;VISA;Crédito;Básico Internacional;Puro;10619899;6736784;157718537;15208474195.99;473085;74673670.49
2021-03-31;1;MasterCard;Débito;Empresarial;Co-branded;226761;73558;1644908;117933174.53;9;6565.85
2021-03-31;1;Bandeira própria;Crédito;Outros;Co-branded;5110298;1146078;3693945;410905831.68;0;0.00
2021-03-31;1;VISA;Pré-Pago;Empresarial;Puro;2783;1689;32658;3770219.42;0;0.00
2021-03-31;1;Outras;Crédito;Intermediário;Puro;6077;5765;19730;3497973.10;47;32914.46
2021-03-31;1;MasterCard;Crédito;Corporativo;Puro;134958;73444;1873255;590486450.27;50495;77419925.72
2021-03-31;1;Elo;Débito;Básico Nacional;Puro;204691343;81049998;947102111;59296968332.87;0;0.00
2021-03-31;1;VISA;Débito;Básico Nacional;Puro;9914857;5489322;127833510;8977799019.43;1017;157984.04
2021-03-31;1;American Express;Crédito;Premium;Puro;414269;299693;9460226;2582772451.30;147718;130385310.96
2021-03-31;1;MasterCard;Pré-Pago;Empresarial;Puro;207001;89690;2131752;139957666.27;0;0.00
2021-03-31;1;Bandeira própria;Crédito;Básico Nacional;Co-branded;1885175;495274;2469125;424705113.45;0;0.00
2021-03-31;1;VISA;Crédito;Platinum;Puro;5906518;4291523;176070913;25533858557.49;1000402;318473298.43
2021-03-31;1;MasterCard;Débito;Premium;Co-branded;91013;17176;258275;21763316.74;20;18476.98
2021-03-31;1;VISA;Débito;Empresarial;Puro;1542090;628122;19373465;2523379826.95;1223;422928.10
2021-03-31;1;VISA;Crédito;Premium;Puro;1818403;1315840;74400483;14248371221.43;555025;333963594.34
2021-03-31;1;Elo;Pré-Pago;Básico Nacional;Puro;4073970;171498;437553;28076528.78;62;8905.27
2021-03-31;1;MasterCard;Crédito;Empresarial;Híbrido;22904;17192;388514;109825608.54;4890;4105238.36
2021-03-31;1;VISA;Crédito;Outros;Híbrido;5585163;1279971;10161024;1159049639.00;16938;2627744.72
2021-03-31;1;Elo;Crédito;Corporativo;Puro;24106;13163;45707;104809129.06;63;42203.90
2021-03-31;1;MasterCard;Crédito;Outros;Co-branded;1072153;57;7;4.15;0;0.00
2021-03-31;1;VISA;Crédito;Empresarial;Co-branded;3412;1189;12890;13038055.42;175;64708.21
2021-03-31;1;MasterCard;Débito;Outros;Puro;162530;22644;259819;14326757.36;18;4612.16
2021-03-31;1;MasterCard;Crédito;Empresarial;Puro;2523552;1724069;22520030;5807320555.88;317827;206435620.37
2021-03-31;1;VISA;Crédito;Corporativo;Puro;569255;250963;2873682;894725884.62;69192;109839068.57
2021-03-31;1;VISA;Crédito;Básico Nacional;Co-branded;6771838;882348;8372755;940247076.13;317;20081.17
2021-03-31;1;VISA;Pré-Pago;Básico Internacional;Co-branded;18764;2303;3144;238148.54;0;0.00
2021-03-31;1;Bandeira própria;Crédito;Outros;Puro;304262;138265;1700091;183974872.48;0;0.00
2021-03-31;1;Bandeira própria;Pré-Pago;Outros;Puro;534054;419331;796120;937239348.05;0;0.00
2021-03-31;1;MasterCard;Crédito;Básico Nacional;Co-branded;13182630;919474;11836268;1495207619.94;106;15836.70
2021-03-31;1;VISA;Débito;Premium;Puro;557093;287233;7112044;797685485.12;124;48506.60
2021-03-31;1;MasterCard;Pré-Pago;Básico Nacional;Puro;68261;29173;124912;74853188.66;0;0.00
2021-03-31;1;Outras;Débito;Outros;Puro;3479656;1833511;39151327;3613175238.08;0;0.00
2021-03-31;1;MasterCard;Pré-Pago;Intermediário;Puro;16778316;8909750;205307912;8164592563.04;0;0.00
2021-03-31;1;Elo;Pré-Pago;Básico Internacional;Puro;4619168;2788365;22487957;1024632789.15;0;0.00
2021-03-31;1;Bandeira própria;Crédito;Outros;Híbrido;712824;368006;3172212;475757324.46;0;0.00
2021-03-31;1;VISA;Débito;Básico Internacional;Puro;107030000;30429865;587101079;42227538965.10;26539;5420062.87
2021-03-31;1;VISA;Débito;Outros;Puro;434;388;5445;319205.07;0;0.00
2021-03-31;1;VISA;Pré-Pago;Outros;Puro;10216062;3540331;48508449;2772205812.06;105828;12813917.84
2021-03-31;1;Bandeira própria;Débito;Outros;Puro;1042940;388891;4197391;321781870.89;0;0.00
2021-03-31;1;MasterCard;Crédito;Básico Internacional;Híbrido;418177;246762;3434403;430711916.28;12400;1857718.04
2021-03-31;1;MasterCard;Crédito;Básico Nacional;Híbrido;3687543;1531405;15542314;1220618971.48;0;0.00
2021-03-31;1;MasterCard;Pré-Pago;Premium;Puro;9;5;35;6569.50;0;0.00
2021-03-31;1;MasterCard;Débito;Premium;Puro;217515;107955;1526301;182114176.25;339;258256.24
2021-03-31;1;VISA;Crédito;Platinum;Co-branded;234464;201414;6851404;1268226305.12;53534;19557717.89
2021-03-31;1;VISA;Pré-Pago;Básico Nacional;Puro;3875646;661507;4255254;1351904967.86;59;27071.21
2021-03-31;1;VISA;Crédito;Intermediário;Híbrido;914869;574671;12675251;1958848964.56;50052;11811287.26
2021-03-31;1;MasterCard;Crédito;Básico Internacional;Puro;20803671;7935974;137475994;13188521640.14;460764;96376859.34
2021-03-31;1;VISA;Crédito;Premium;Híbrido;9951;9168;1212028;306411529.93;15723;10986382.80
2021-03-31;1;MasterCard;Débito;Empresarial;Puro;909389;278323;6941012;523570939.43;41;17847.88
2021-03-31;1;Hipercard;Crédito;Intermediário;Puro;6135;2253;24351;2144847.32;1;0.01
2021-03-31;1;MasterCard;Débito;Intermediário;Puro;52006354;33228634;592815404;37281068922.56;14050;3475719.28
2021-03-31;1;MasterCard;Crédito;Platinum;Híbrido;126695;68791;2780172;484721163.67;16935;5055397.54
2021-03-31;1;VISA;Débito;Básico Nacional;Co-branded;674;23;393;26540.01;0;0.00
2021-03-31;1;Elo;Pré-Pago;Outros;Puro;168028;24377;255527;18631510.34;40;2297.93
2021-03-31;1;Elo;Crédito;Outros;Puro;239296;138035;4529615;872527158.57;6519;4264011.01
2021-03-31;1;MasterCard;Crédito;Básico Internacional;Co-branded;6175371;2264514;24672035;2501492436.10;61849;7970735.46
2021-03-31;1;MasterCard;Débito;Platinum;Co-branded;147913;18675;303155;20481616.17;4;1016.26
2021-03-31;1;VISA;Débito;Básico Internacional;Co-branded;33249;6599;87337;7492991.12;0;0.00
2021-03-31;1;MasterCard;Débito;Intermediário;Co-branded;3018048;2723892;1207016;66223733.35;26;22656.52
2021-03-31;1;VISA;Crédito;Básico Nacional;Híbrido;7366834;3905069;31683044;3295849958.74;0;0.00
2021-03-31;1;VISA;Débito;Básico Internacional;Híbrido;193;18;39;437.33;0;0.00
2021-03-31;1;Elo;Crédito;Básico Internacional;Co-branded;454299;366130;1310908;192306280.65;220;30178.97
2021-03-31;1;Hipercard;Crédito;Platinum;Puro;3039518;2852023;42037454;6597914520.36;1;0.01
2021-03-31;1;MasterCard;Crédito;Básico Nacional;Puro;6989270;3891454;34689285;3035372180.64;33664;2560911.24
2021-03-31;1;VISA;Crédito;Empresarial;Híbrido;42479;15717;179840;199117366.88;0;0.00
2021-06-30;2;VISA;Crédito;Básico Internacional;Híbrido;6538164;4212214;43416932;4880921303.78;85765;13740326.56
2021-06-30;2;Elo;Crédito;Empresarial;Puro;489316;258316;5021613;1232316671.96;5450;2467065.03
2021-06-30;2;MasterCard;Crédito;Empresarial;Co-branded;278011;55123;316012;82672437.40;1930;777466.92
2021-06-30;2;Elo;Crédito;Corporativo;Puro;24085;12874;51362;118819664.18;75;39598.94
2021-06-30;2;VISA;Pré-Pago;Empresarial;Puro;3059;1827;30722;3755726.64;0;0.00
2021-06-30;2;Elo;Débito;Empresarial;Puro;903058;371062;7897364;1091779471.58;0;0.00
2021-06-30;2;Elo;Débito;Básico Nacional;Puro;197925610;79987298;930360168;57782932342.59;0;0.00
2021-06-30;2;VISA;Crédito;Empresarial;Híbrido;43411;15744;171775;198214615.19;0;0.00
2021-06-30;2;VISA;Crédito;Básico Internacional;Puro;12131477;7342510;162570886;15922337612.89;474184;76510860.66
2021-06-30;2;MasterCard;Pré-Pago;Intermediário;Puro;20019327;11552438;305537992;11658628737.27;0;0.00
2021-06-30;2;MasterCard;Crédito;Premium;Puro;2178433;1770234;108928064;22142470077.93;1332481;662738964.81
2021-06-30;2;VISA;Crédito;Outros;Puro;5055839;1230942;16366876;1541164748.98;73602;22881859.17
2021-06-30;2;MasterCard;Débito;Outros;Puro;369386;76078;921382;43919562.78;85;26760.98
2021-06-30;2;MasterCard;Crédito;Outros;Co-branded;1071869;47;2;63.87;0;0.00
2021-06-30;2;Elo;Crédito;Básico Nacional;Puro;4086820;2365122;60428277;6056348884.30;18494;5591575.13
2021-06-30;2;VISA;Crédito;Premium;Co-branded;14562;11722;616699;237635810.89;6155;4302200.53
2021-06-30;2;Bandeira própria;Crédito;Básico Nacional;Co-branded;6425895;1506269;5541408;768492640.40;0;0.00
2021-06-30;2;Elo;Crédito;Premium;Puro;35706;32292;1192657;230789941.40;1217;586176.68
2021-06-30;2;MasterCard;Pré-Pago;Platinum;Puro;3119733;1875773;36989279;1884522014.71;0;0.00
2021-06-30;2;MasterCard;Pré-Pago;Outros;Co-branded;12315;7260;10671;429391.00;167;10716.00
2021-06-30;2;VISA;Débito;Básico Nacional;Puro;10683187;5866799;137761269;9649494708.56;902;151035.40
2021-06-30;2;VISA;Crédito;Básico Internacional;Co-branded;7769032;2620679;21462132;2163098090.99;23528;2691737.56
2021-06-30;2;Hipercard;Crédito;Platinum;Puro;2613837;2452330;39150115;6181184729.10;1;0.01
2021-06-30;2;MasterCard;Crédito;Básico Nacional;Híbrido;3771143;1578019;16314520;1302653907.16;2;894.75
2021-06-30;2;VISA;Crédito;Empresarial;Puro;1652476;987820;25033357;6606402658.35;284368;246886338.63
2021-06-30;2;Elo;Crédito;Básico Internacional;Puro;4888991;2319259;41512213;5738847563.04;27471;12063362.85
2021-06-30;2;VISA;Crédito;Básico Nacional;Co-branded;6782170;877042;8351230;976586070.23;209;10997.72
2021-06-30;2;VISA;Débito;Básico Nacional;Co-branded;595;17;265;17393.78;0;0.00
2021-06-30;2;MasterCard;Débito;Platinum;Puro;662274;346852;7315410;696074908.54;484;187267.42
2021-06-30;2;VISA;Pré-Pago;Corporativo;Puro;834398;102654;2875350;284890310.15;96504;28824834.14
2021-06-30;2;MasterCard;Débito;Empresarial;Co-branded;260587;81122;1580949;120670515.77;25;10955.16
2021-06-30;2;MasterCard;Crédito;Premium;Co-branded;142410;99546;3548980;943022652.81;50321;32956167.84
2021-06-30;2;MasterCard;Crédito;Outros;Híbrido;16364789;5946340;71686097;7344767873.56;101996;13421118.35
2021-06-30;2;Bandeira própria;Crédito;Outros;Híbrido;706603;367784;3376861;515033737.03;0;0.00
2021-06-30;2;Elo;Pré-Pago;Outros;Puro;177335;27115;243222;19020032.41;28;741.11
2021-06-30;2;MasterCard;Débito;Premium;Co-branded;100096;19770;252980;22974993.98;48;24819.25
2021-06-30;2;VISA;Débito;Premium;Puro;581284;301077;7688276;866000587.20;54;23898.33
2021-06-30;2;American Express;Crédito;Empresarial;Puro;21623;16207;414275;217816681.25;15287;21428706.68
2021-06-30;2;VISA;Débito;Básico Internacional;Co-branded;32379;5532;82421;7208603.46;0;0.00
2021-06-30;2;Elo;Débito;Básico Internacional;Puro;47355;14644;53975;3678518.64;0;0.00
2021-06-30;2;VISA;Crédito;Platinum;Híbrido;333937;205332;7501296;1368100936.41;47137;16672765.61
2021-06-30;2;American Express;Crédito;Intermediário;Puro;560252;344487;7525640;1262817243.77;56319;21038993.76
2021-06-30;2;VISA;Pré-Pago;Básico Nacional;Puro;4663619;909618;7669975;1614082374.41;118;44005.82
2021-06-30;2;MasterCard;Pré-Pago;Básico Nacional;Puro;47920;32027;139276;59206655.52;0;0.00
2021-06-30;2;Elo;Crédito;Outros;Híbrido;13051;2021;71;5897.89;0;0.00
2021-06-30;2;Elo;Crédito;Básico Internacional;Co-branded;563497;473249;1718759;257954931.00;249;25663.14
2021-06-30;2;Hipercard;Crédito;Empresarial;Puro;1722;1098;8087;3830757.18;4;379.20
2021-06-30;2;VISA;Crédito;Intermediário;Puro;16799542;11080371;232510593;27452730553.80;581550;115147205.60
2021-06-30;2;Elo;Crédito;Platinum;Puro;58617;49296;1264700;199448785.61;1239;301126.71
2021-06-30;2;Elo;Débito;Outros;Híbrido;13051;2021;71;5897.89;0;0.00
2021-06-30;2;MasterCard;Débito;Básico Internacional;Co-branded;2476869;1618698;14678317;619254602.50;213;45563.35
2021-06-30;2;Elo;Crédito;Outros;Puro;276181;167079;5220797;1046737077.97;6001;4510183.97
2021-06-30;2;MasterCard;Crédito;Corporativo;Puro;138409;75948;2049462;694357622.21;57576;88612229.74
2021-06-30;2;VISA;Débito;Básico Internacional;Híbrido;6512;393;1411;75012.72;0;0.00
2021-06-30;2;VISA;Crédito;Premium;Puro;2038699;1532489;84643997;16712604849.96;653888;392937251.70
2021-06-30;2;VISA;Pré-Pago;Básico Internacional;Co-branded;15269;1679;1731;107835.51;0;0.00
2021-06-30;2;MasterCard;Crédito;Platinum;Híbrido;128380;68765;2712996;490237934.48;16204;4967993.03
2021-06-30;2;Bandeira própria;Crédito;Outros;Co-branded;652058;116152;723898;128513508.27;0;0.00
2021-06-30;2;MasterCard;Crédito;Intermediário;Co-branded;24360867;8375119;96635020;11658725019.82;142909;22465193.50
2021-06-30;2;VISA;Crédito;Premium;Híbrido;10159;9312;1140700;310697520.50;16675;11485460.20
2021-06-30;2;VISA;Crédito;Outros;Híbrido;4824479;673081;9886542;1157116079.36;14652;2402689.86
2021-06-30;2;VISA;Crédito;Corporativo;Puro;579321;255850;3064813;1103137332.48;80500;121413041.78
2021-06-30;2;MasterCard;Débito;Platinum;Co-branded;177106;27318;326799;23183114.86;12;2581.80
2021-06-30;2;VISA;Crédito;Platinum;Puro;6471801;4585015;181186256;26827074581.16;1023685;332625902.88
2021-06-30;2;MasterCard;Crédito;Empresarial;Puro;3079681;1874582;26543570;6581879578.08;356582;223810654.87
2021-06-30;2;VISA;Débito;Básico Internacional;Puro;116503063;39736117;708716504;51133392148.81;28234;6488514.37
2021-06-30;2;MasterCard;Crédito;Intermediário;Híbrido;4777775;4536096;65824806;9108746834.99;16638;2920579.26
2021-06-30;2;Bandeira própria;Débito;Outros;Puro;1173576;499957;4819992;351990047.62;0;0.00
2021-06-30;2;MasterCard;Débito;Premium;Puro;219759;112048;1629458;191411359.93;355;304321.36
2021-06-30;2;VISA;Débito;Intermediário;Puro;3149096;2108683;48634435;4157209579.61;343;70604.02
2021-06-30;2;Outras;Débito;Outros;Puro;3461436;1836290;40228654;3854805376.58;0;0.00
2021-06-30;2;VISA;Crédito;Intermediário;Híbrido;948726;597442;12787740;2001646015.01;48165;11605043.92
2021-06-30;2;VISA;Crédito;Platinum;Co-branded;285093;233051;7795616;1493701220.42;57961;20651954.89
2021-06-30;2;Outras;Crédito;Outros;Co-branded;12452;16;55;2165.99;0;0.00
2021-06-30;2;MasterCard;Débito;Básico Nacional;Puro;610839;418200;9834918;775288217.31;15;6092.88
2021-06-30;2;MasterCard;Débito;Básico Internacional;Puro;44170241;17841247;524187877;37172358178.62;31315;9683261.73
2021-06-30;2;VISA;Crédito;Básico Nacional;Híbrido;7372788;3875395;33716497;3529108561.85;2;582.53
2021-06-30;2;MasterCard;Crédito;Básico Internacional;Puro;26163288;8655422;161503017;15327965185.90;556245;109409778.85
2021-06-30;2;MasterCard;Pré-Pago;Outros;Puro;19481131;5058722;27423970;1611667442.40;184979;28738674.44
2021-06-30;2;Hipercard;Crédito;Intermediário;Puro;5872;2111;23978;2112291.57;1;0.01
2021-06-30;2;MasterCard;Crédito;Outros;Puro;212641;35779;785951;83558594.54;1428;673441.14
2021-06-30;2;VISA;Débito;Outros;Puro;534;339;5758;343565.14;0;0.00
2021-06-30;2;Elo;Crédito;Empresarial;Co-branded;353;5;1;8453.09;0;0.00
2021-06-30;2;Elo;Pré-Pago;Básico Internacional;Puro;4961793;3252835;23618438;1064713127.17;254;35395.08
2021-06-30;2;MasterCard;Débito;Intermediário;Puro;53704299;33383744;631972248;39296487220.68;14643;3439714.05
2021-06-30;2;VISA;Crédito;Básico Nacional;Puro;9617807;6072042;132419384;10916686919.22;143350;19334977.16
2021-06-30;2;MasterCard;Débito;Intermediário;Co-branded;5434937;5135643;1345906;78256881.68;17;9615.49
2021-06-30;2;VISA;Débito;Empresarial;Puro;1567426;639333;19725677;2560014306.78;1229;433700.71
2021-06-30;2;Elo;Pré-Pago;Básico Nacional;Puro;4577559;210829;557773;40097453.60;49;6756.96
2021-06-30;2;MasterCard;Crédito;Intermediário;Puro;48213683;34247635;665317785;62748815676.43;2348187;293206376.12
2021-06-30;2;MasterCard;Pré-Pago;Básico Internacional;Puro;952;693;52;12988.12;0;0.00
2021-06-30;2;American Express;Crédito;Corporativo;Puro;81771;62427;761439;374671194.44;31333;71927524.06
2021-06-30;2;MasterCard;Crédito;Premium;Híbrido;2357;2106;236498;66956497.04;3482;2886442.91
2021-06-30;2;MasterCard;Crédito;Básico Internacional;Híbrido;423109;249367;3496309;441394756.67;12139;1931000.04
2021-06-30;2;MasterCard;Débito;Empresarial;Puro;1025586;314043;8408462;619259799.32;31;25465.54
2021-06-30;2;MasterCard;Crédito;Básico Nacional;Puro;5982283;3636872;37135165;3210325846.98;38781;2492000.80
2021-06-30;2;MasterCard;Crédito;Platinum;Puro;11229851;9364231;305704241;37478790393.52;1814355;411304967.05
2021-06-30;2;MasterCard;Crédito;Básico Internacional;Co-branded;7452352;2846917;32785799;3324755484.19;70161;9123738.76
2021-06-30;2;VISA;Pré-Pago;Básico Internacional;Puro;14178135;5384183;49964340;2521034272.02;204091;37287196.96
2021-06-30;2;VISA;Pré-Pago;Outros;Puro;16438781;5419405;83157795;4104984998.43;201008;27829481.56
2021-06-30;2;MasterCard;Crédito;Básico Nacional;Co-branded;13186079;894372;12288829;1598365807.69;89;12957.58
2021-06-30;2;VISA;Crédito;Intermediário;Co-branded;1419945;826307;13207689;1737117535.12;40297;8649721.93
2021-06-30;2;Elo;Crédito;Intermediário;Puro;3985409;2248038;28553792;3016644660.65;10307;1527344.32
2021-06-30;2;American Express;Crédito;Básico Nacional;Puro;69820;44642;811235;109796944.42;4323;1125200.36
2021-06-30;2;MasterCard;Pré-Pago;Empresarial;Puro;337499;145308;4225209;264291478.46;0;0.00
2021-06-30;2;Outras;Crédito;Intermediário;Híbrido;21369;11453;77404;10935104.26;0;0.00
2021-06-30;2;American Express;Crédito;Premium;Puro;427620;309898;8851193;2390098347.88;154478;134951725.75
2021-06-30;2;MasterCard;Crédito;Empresarial;Híbrido;29388;21308;307406;88846891.78;4386;2156985.29
2021-06-30;2;Outras;Crédito;Outros;Puro;174954;126344;85932;22966398.91;0;0.00
2021-06-30;2;Bandeira própria;Pré-Pago;Outros;Puro;682789;295578;914495;1071121665.39;0;0.00
2021-06-30;2;MasterCard;Pré-Pago;Premium;Puro;90;19;88;4274.33;0;0.00
2021-06-30;2;Bandeira própria;Crédito;Outros;Puro;308751;147322;1708831;188951493.94;0;0.00
2021-06-30;2;VISA;Débito;Platinum;Puro;1808386;1074756;33260464;3262975639.87;122;25557.64
2021-06-30;2;VISA;Crédito;Empresarial;Co-branded;2781;1125;12328;14087786.43;75;8061.14
2021-06-30;2;MasterCard;Crédito;Platinum;Co-branded;525732;411028;13306897;2394961326.85;96680;32846852.37
2021-09-30;3;MasterCard;Crédito;Intermediário;Co-branded;19989750;10068802;105001542;13000837090.54;150615;26592872.29
2021-09-30;3;VISA;Crédito;Empresarial;Puro;1824520;1064748;28665560;7756001625.20;316791;272473673.69
2021-09-30;3;Elo;Crédito;Básico Nacional;Puro;4549859;2312872;66348778;6733356471.84;23100;8223302.98
2021-09-30;3;VISA;Débito;Outros;Puro;687;344;6601;379948.36;0;0.00
2021-09-30;3;Elo;Crédito;Platinum;Puro;81058;19778;1456037;226314238.64;1626;403936.22
2021-09-30;3;VISA;Débito;Básico Nacional;Co-branded;551;12;236;14328.09;0;0.00
2021-09-30;3;VISA;Crédito;Outros;Híbrido;4845665;662513;9772366;1153626466.95;13795;2233322.96
2021-09-30;3;VISA;Crédito;Platinum;Puro;7342223;5182864;207309856;31023019096.72;1218628;426713074.39
2021-09-30;3;VISA;Crédito;Básico Nacional;Híbrido;7482392;3861176;35101766;3716615201.08;20;1963.14
2021-09-30;3;Bandeira própria;Pré-Pago;Outros;Puro;533098;423893;835362;883555074.50;0;0.00
2021-09-30;3;VISA;Pré-Pago;Corporativo;Puro;863905;92713;3023686;292599582.60;108802;34429138.05
2021-09-30;3;MasterCard;Débito;Básico Nacional;Co-branded;91;21;52;120.39;0;0.00
2021-09-30;3;MasterCard;Crédito;Outros;Híbrido;17055608;6265457;76800668;7897594901.59;98764;13333269.07
2021-09-30;3;VISA;Crédito;Básico Nacional;Co-branded;6784389;860115;8413856;974278317.39;195;19895.00
2021-09-30;3;VISA;Crédito;Outros;Puro;6140029;1559831;20175115;1960816492.58;87735;39065130.47
2021-09-30;3;Hipercard;Crédito;Platinum;Puro;2382468;2235699;37081916;5945029801.85;1;0.01
2021-09-30;3;MasterCard;Crédito;Premium;Puro;2391033;1956392;126891067;25916104305.70;1688459;916162702.37
2021-09-30;3;MasterCard;Crédito;Intermediário;Puro;56363466;38467889;811042893;74079962840.71;3458714;447989882.52
2021-09-30;3;VISA;Débito;Platinum;Puro;1916493;1089396;38049764;3646578436.23;442;88236.65
2021-09-30;3;VISA;Débito;Básico Internacional;Co-branded;30956;4736;85208;7599754.92;0;0.00
2021-09-30;3;MasterCard;Crédito;Platinum;Puro;11928535;9786064;362742482;44146093232.76;2518512;585781963.14
2021-09-30;3;MasterCard;Débito;Básico Nacional;Puro;607738;414222;10634603;829464613.34;15;5675.15
2021-09-30;3;Elo;Crédito;Intermediário;Puro;4695150;2308085;30386639;3219864155.53;13851;1699406.18
2021-09-30;3;Bandeira própria;Crédito;Básico Nacional;Co-branded;1938972;535612;2741493;521339586.10;0;0.00
2021-09-30;3;MasterCard;Crédito;Empresarial;Híbrido;36889;26080;413656;116279902.39;5330;2785186.09
2021-09-30;3;MasterCard;Crédito;Empresarial;Co-branded;310062;64866;460630;117264126.96;2296;892014.99
2021-09-30;3;MasterCard;Débito;Empresarial;Puro;1136185;344223;10071785;730800923.11;23;13411.12
2021-09-30;3;Bandeira própria;Crédito;Outros;Co-branded;5352837;1143777;3889644;458627008.40;0;0.00
2021-09-30;3;VISA;Crédito;Empresarial;Híbrido;42896;15752;190699;214486718.72;0;0.00
2021-09-30;3;Elo;Crédito;Corporativo;Puro;24028;12476;58467;115866115.86;80;66109.59
2021-09-30;3;VISA;Pré-Pago;Básico Nacional;Puro;5364706;1125609;10243049;1831563263.96;90;43865.23
2021-09-30;3;Elo;Pré-Pago;Básico Nacional;Puro;4373487;167013;369536;16065364.00;34;6704.42
2021-09-30;3;MasterCard;Pré-Pago;Básico Nacional;Puro;301240;222688;983223;186893295.99;5675;623352.07
2021-09-30;3;VISA;Pré-Pago;Básico Internacional;Puro;15489971;5996387;61947498;3052086958.76;271476;51486708.17
2021-09-30;3;VISA;Crédito;Básico Nacional;Puro;10583918;6826933;159219746;12927285667.57;168795;24311151.08
2021-09-30;3;MasterCard;Crédito;Básico Nacional;Co-branded;13231055;908643;13305070;1709877726.78;229;44555.10
2021-09-30;3;VISA;Crédito;Corporativo;Puro;589488;266813;3911695;1445179426.58;92913;134748446.64
2021-09-30;3;VISA;Débito;Intermediário;Puro;3745393;2347388;59581444;4814915281.42;490;101638.63
2021-09-30;3;VISA;Crédito;Básico Internacional;Puro;12781957;7635737;176764639;17364962038.43;503286;89137753.71
2021-09-30;3;VISA;Crédito;Intermediário;Co-branded;2394820;1664385;25727687;2583806933.84;56028;12285156.86
2021-09-30;3;MasterCard;Crédito;Outros;Co-branded;1071586;23;4;101.15;0;0.00
2021-09-30;3;MasterCard;Crédito;Básico Internacional;Puro;34019957;13082952;194155266;17841899794.22;630828;124920622.49
2021-09-30;3;MasterCard;Débito;Premium;Co-branded;109379;21745;357840;29218385.14;72;33153.77
2021-09-30;3;MasterCard;Débito;Intermediário;Puro;56452052;34346643;716844107;43755350530.47;21255;4701901.12
2021-09-30;3;MasterCard;Crédito;Básico Internacional;Híbrido;833420;601036;6984796;696089375.93;22558;2748953.74
2021-09-30;3;MasterCard;Débito;Empresarial;Co-branded;291455;85036;2157939;155978700.95;19;8485.96
2021-09-30;3;MasterCard;Crédito;Premium;Híbrido;2604;2334;278056;83096097.47;4919;4687358.15
2021-09-30;3;MasterCard;Pré-Pago;Empresarial;Puro;509539;210269;6887694;423108177.69;0;0.00
2021-09-30;3;VISA;Pré-Pago;Outros;Puro;18786125;6039193;108683166;5053125032.17;201324;26462967.43
2021-09-30;3;MasterCard;Crédito;Platinum;Co-branded;604160;476135;15469144;2824075182.43;115373;41529837.35
2021-09-30;3;MasterCard;Pré-Pago;Premium;Puro;8012;4315;48218;2878896.24;0;0.00
2021-09-30;3;VISA;Crédito;Premium;Híbrido;10873;9924;1368785;384321660.33;22353;17707051.40
2021-09-30;3;Elo;Pré-Pago;Intermediário;Puro;3391516;177783;230653;37721542.08;0;0.00
2021-09-30;3;VISA;Crédito;Intermediário;Puro;20021046;13243519;277751830;32224677406.97;685307;146820165.74
2021-09-30;3;Elo;Pré-Pago;Outros;Puro;194283;26868;232376;19478609.86;9;279.71
2021-09-30;3;Hipercard;Crédito;Intermediário;Puro;5625;1937;22806;2071973.37;1;0.01
2021-09-30;3;VISA;Débito;Básico Internacional;Puro;130047384;43677138;878558353;60855197280.54;26136;6996736.96
2021-09-30;3;MasterCard;Crédito;Corporativo;Puro;143177;79469;2622925;926520564.28;70836;105918762.98
2021-09-30;3;MasterCard;Pré-Pago;Básico Internacional;Puro;1016;711;194;10671.12;0;0.00
2021-09-30;3;Elo;Débito;Básico Nacional;Puro;190446455;67003336;943992770;57773643218.21;0;0.00
2021-09-30;3;VISA;Crédito;Platinum;Co-branded;380681;306435;10499292;2007395811.18;72618;27560388.75
2021-09-30;3;MasterCard;Pré-Pago;Outros;Puro;16618487;3988589;27314491;1533805851.60;179320;28392753.56
2021-09-30;3;Elo;Débito;Outros;Híbrido;6088;1741;40934;106363.86;0;0.00
2021-09-30;3;American Express;Crédito;Empresarial;Puro;21590;16256;472011;260144763.84;17014;23845819.99
2021-09-30;3;VISA;Crédito;Intermediário;Híbrido;1027686;660453;15427570;2380984517.93;55795;14424294.73
2021-09-30;3;American Express;Crédito;Básico Nacional;Puro;57294;42971;880215;119575230.24;3599;1113418.08
2021-09-30;3;MasterCard;Débito;Platinum;Puro;657270;349790;8224967;763250095.03;1695;747850.27
2021-09-30;3;Elo;Crédito;Básico Internacional;Co-branded;693590;573455;2227803;315018800.49;377;38895.33
2021-09-30;3;VISA;Crédito;Básico Internacional;Híbrido;6145636;3830580;49440257;5629384999.98;104654;17437503.22
2021-09-30;3;Elo;Crédito;Básico Internacional;Puro;5250114;2329096;45389176;6607382568.87;30919;13421563.31
2021-09-30;3;Elo;Crédito;Empresarial;Puro;505686;265229;5382890;1364172183.20;5897;2787617.79
2021-09-30;3;MasterCard;Pré-Pago;Platinum;Puro;3710318;2140982;49109754;2423674242.24;0;0.00
2021-09-30;3;MasterCard;Débito;Intermediário;Co-branded;7421915;7118456;1485065;78607069.48;22;11356.53
2021-09-30;3;MasterCard;Débito;Outros;Puro;512945;134841;2023340;92438172.97;207;60761.55
2021-09-30;3;Outras;Débito;Outros;Puro;3456113;1807797;42458780;3976732984.82;0;0.00
2021-09-30;3;VISA;Crédito;Premium;Puro;2342698;1788628;105193460;21031348256.81;951281;603091293.58
2021-09-30;3;MasterCard;Pré-Pago;Intermediário;Puro;25120082;14507374;438327831;16297156407.39;0;0.00
2021-09-30;3;Elo;Crédito;Premium;Puro;41389;12855;1460795;281838595.45;1772;1087341.90
2021-09-30;3;VISA;Débito;Empresarial;Puro;1595215;651353;21125349;2760059540.76;1686;538302.17
2021-09-30;3;MasterCard;Crédito;Básico Nacional;Puro;5849286;3112566;35574818;3190193560.11;22616;1746931.89
2021-09-30;3;MasterCard;Crédito;Intermediário;Híbrido;4730528;4481170;68379397;9656155824.73;20135;3483299.89
2021-09-30;3;VISA;Crédito;Premium;Co-branded;26056;20533;1082015;400757587.87;11393;8722161.30
2021-09-30;3;VISA;Crédito;Empresarial;Co-branded;2447;927;11126;10755682.40;56;12680.83
2021-09-30;3;VISA;Débito;Básico Internacional;Híbrido;61000;3500;22186;1073230.01;0;0.00
2021-09-30;3;American Express;Crédito;Intermediário;Puro;470445;334998;8313945;1416219957.40;57388;24644122.19
2021-09-30;3;VISA;Débito;Premium;Puro;615164;319925;9344017;1008930504.29;231;45454.26
2021-09-30;3;MasterCard;Crédito;Básico Nacional;Híbrido;3981522;1662074;17582744;1462023290.90;0;0.00
2021-09-30;3;Elo;Crédito;Outros;Puro;334576;210082;6786873;1309237866.73;9221;7082388.09
2021-09-30;3;Elo;Crédito;Outros;Híbrido;6088;1741;40934;106363.86;0;0.00
2021-09-30;3;MasterCard;Crédito;Outros;Puro;203054;33621;867148;92428724.34;2063;686721.96
2021-09-30;3;American Express;Crédito;Corporativo;Puro;79551;59836;943462;524014583.80;35060;73891753.58
2021-09-30;3;MasterCard;Crédito;Premium;Co-branded;161880;116145;4243520;1136854505.74;68794;46091810.39
2021-09-30;3;VISA;Crédito;Básico Internacional;Co-branded;8289294;2989941;22776001;2242011773.07;32555;4463477.80
2021-09-30;3;MasterCard;Débito;Platinum;Co-branded;207146;35924;803693;52812159.58;35;14124.67
2021-09-30;3;Elo;Pré-Pago;Básico Internacional;Puro;5363945;3442802;25606086;1136461652.18;373;78017.62
2021-09-30;3;Elo;Débito;Básico Internacional;Puro;55310;46396;235426;14015034.17;0;0.00
2021-09-30;3;Bandeira própria;Crédito;Outros;Puro;298002;142148;1774013;193359891.57;0;0.00
2021-09-30;3;MasterCard;Crédito;Platinum;Híbrido;133590;72677;3198464;578346452.34;19529;6540014.49
2021-09-30;3;Outras;Crédito;Outros;Puro;144854;101235;78974;20887339.14;0;0.00
2021-09-30;3;Bandeira própria;Débito;Outros;Puro;1177660;504518;4951051;361757453.37;0;0.00
2021-09-30;3;American Express;Crédito;Premium;Puro;425658;327600;10401286;2921995387.49;191562;207424447.50
2021-09-30;3;Outras;Crédito;Outros;Co-branded;29373;12;11;210.44;0;0.00
2021-09-30;3;MasterCard;Débito;Premium;Puro;223673;116537;1976874;218968966.45;680;414464.22
2021-09-30;3;MasterCard;Débito;Básico Internacional;Puro;41427688;16717620;540149718;37953321607.48;40986;11991743.38
2021-09-30;3;MasterCard;Débito;Básico Internacional;Co-branded;2963610;1897189;66240497;2027893965.40;273;106084.50
2021-09-30;3;VISA;Crédito;Platinum;Híbrido;346990;217069;8858120;1613752107.00;58187;21010923.17
2021-09-30;3;Hipercard;Crédito;Empresarial;Puro;1700;1076;8685;4052563.98;1;0.01
2021-09-30;3;VISA;Pré-Pago;Empresarial;Puro;3361;1982;34324;3888509.06;0;0.00
2021-09-30;3;MasterCard;Crédito;Empresarial;Puro;3576119;2074505;31504937;7769174545.95;372931;238469898.60
2021-09-30;3;VISA;Pré-Pago;Básico Internacional;Co-branded;7064;40;160;26708.40;0;0.00
2021-09-30;3;Bandeira própria;Crédito;Outros;Híbrido;701885;365253;3441618;524880721.58;0;0.00
2021-09-30;3;VISA;Débito;Básico Nacional;Puro;12012924;6234746;158058822;10843286214.70;1238;189503.06
2021-09-30;3;Elo;Débito;Empresarial;Puro;944685;380497;8581457;1217638095.37;0;0.00
2021-09-30;3;MasterCard;Crédito;Básico Internacional;Co-branded;9803298;3483954;34094961;3068544298.93;75041;9978748.10
2021-12-31;4;VISA;Pré-Pago;Corporativo;Puro;843178;75388;3255928;326169705.28;156888;49738476.63
2021-12-31;4;VISA;Débito;Básico Nacional;Co-branded;199;58;58;4119.23;0;0.00
2021-12-31;4;Elo;Crédito;Básico Internacional;Puro;5132449;2408348;48870010;7529128548.56;33979;15603226.43
2021-12-31;4;MasterCard;Crédito;Básico Internacional;Puro;41778150;15328610;215851373;20597265009.79;729678;152293108.31
2021-12-31;4;MasterCard;Débito;Premium;Puro;227325;117873;2432838;266643922.23;752;514272.46
2021-12-31;4;Elo;Débito;Básico Nacional;Puro;185205697;64000866;939557377;58197109052.53;0;0.00
2021-12-31;4;VISA;Débito;Básico Internacional;Co-branded;19816;2767;79648;7435796.77;0;0.00
2021-12-31;4;Elo;Pré-Pago;Básico Nacional;Puro;4225964;115919;227810;9015065.24;90;3513.36
2021-12-31;4;VISA;Crédito;Básico Nacional;Puro;10642006;7324638;186052704;15651316125.93;190671;32492829.37
2021-12-31;4;VISA;Pré-Pago;Outros;Puro;20003962;6490821;119765865;5857374482.97;199516;29943421.04
2021-12-31;4;MasterCard;Pré-Pago;Outros;Puro;17542452;3338673;28113597;1653600055.51;175497;30136428.06
2021-12-31;4;MasterCard;Crédito;Básico Nacional;Co-branded;13257851;919575;14078387;1908852573.59;188;165709.91
2021-12-31;4;American Express;Crédito;Corporativo;Puro;79824;60357;761439;374671194.44;31333;71927524.06
2021-12-31;4;Elo;Pré-Pago;Intermediário;Puro;5273377;214250;515026;61135176.12;0;0.00
2021-12-31;4;MasterCard;Crédito;Empresarial;Co-branded;295892;71734;476141;125868014.10;2710;1508474.09
2021-12-31;4;MasterCard;Débito;Básico Internacional;Co-branded;3462758;2184582;88653545;2809136747.38;413;100047.83
2021-12-31;4;VISA;Débito;Empresarial;Puro;1498017;565451;22049316;2933822128.09;1841;550268.05
2021-12-31;4;MasterCard;Crédito;Platinum;Co-branded;701919;559768;17675110;3225435102.86;154296;58735717.52
2021-12-31;4;VISA;Crédito;Platinum;Puro;8162164;5899304;238204155;36987057386.12;1532219;593705361.84
2021-12-31;4;VISA;Crédito;Premium;Co-branded;39684;32844;1809888;618639344.24;28526;20209358.59
2021-12-31;4;VISA;Débito;Corporativo;Puro;315351;3;1;12450.07;2;44.72
2021-12-31;4;VISA;Crédito;Platinum;Co-branded;529699;435580;15539316;2780870728.87;110370;46323621.79
2021-12-31;4;VISA;Crédito;Básico Internacional;Puro;13633134;8074207;195207781;19906056253.04;557470;113634038.99
2021-12-31;4;Outras;Crédito;Outros;Co-branded;31963;11;9;2269.44;0;0.00
2021-12-31;4;MasterCard;Débito;Empresarial;Puro;1200698;355168;10953102;816626673.24;16;19431.63
2021-12-31;4;MasterCard;Débito;Outros;Puro;630093;184003;2727605;131139633.72;528;196664.89
2021-12-31;4;VISA;Pré-Pago;Empresarial;Puro;3702;2093;36053;4348750.62;0;0.00
2021-12-31;4;VISA;Débito;Intermediário;Puro;5111402;2897847;77041191;5929834237.46;946;183441.59
2021-12-31;4;Outras;Crédito;Outros;Puro;133917;99797;75786;18410544.19;4;218.75
2021-12-31;4;VISA;Débito;Básico Internacional;Puro;135696188;48001291;1042456106;71764119115.26;22025;5345842.30
2021-12-31;4;VISA;Crédito;Intermediário;Puro;23580049;15324709;328274924;38768936285.96;833153;196941019.23
2021-12-31;4;Elo;Crédito;Intermediário;Puro;5058816;2057558;33106438;3729660696.61;24631;2241318.67
2021-12-31;4;VISA;Débito;Premium;Puro;639171;319451;10906614;1197767263.73;394;94157.21
2021-12-31;4;VISA;Crédito;Premium;Puro;2706796;2075500;126131995;26226937534.75;1454289;950842923.82
2021-12-31;4;American Express;Crédito;Básico Nacional;Puro;55548;41603;910289;127548634.54;3604;1159431.58
2021-12-31;4;Elo;Pré-Pago;Básico Internacional;Puro;5419684;3538926;27126695;1239329431.15;413;89518.83
2021-12-31;4;VISA;Pré-Pago;Básico Nacional;Puro;6357255;1354021;13068084;1834193558.77;58;13864.31
2021-12-31;4;MasterCard;Crédito;Premium;Híbrido;2538;2182;300190;87636741.01;6631;5095872.62
2021-12-31;4;MasterCard;Crédito;Premium;Co-branded;186573;139361;5025011;1380480285.70;100657;66818052.44
2021-12-31;4;VISA;Crédito;Básico Internacional;Híbrido;6663012;3930897;54156057;6164703465.99;108138;20775723.55
2021-12-31;4;Outras;Débito;Outros;Puro;3436368;1800499;47970105;4534937223.14;0;0.00
2021-12-31;4;Bandeira própria;Crédito;Outros;Híbrido;695074;357359;3530048;546847924.32;0;0.00
2021-12-31;4;American Express;Crédito;Platinum;Puro;120;120;120;9426.77;0;0.00
2021-12-31;4;Hipercard;Crédito;Empresarial;Puro;1672;1037;8996;4142592.28;1;0.01
2021-12-31;4;MasterCard;Crédito;Básico Internacional;Híbrido;1340128;684876;6594825;723914790.22;24130;3312828.21
2021-12-31;4;American Express;Crédito;Empresarial;Puro;21520;16309;507642;323168909.18;19173;26486821.51
2021-12-31;4;VISA;Crédito;Intermediário;Híbrido;1011772;640979;16603467;2615051973.95;65587;17820817.50
2021-12-31;4;VISA;Débito;Platinum;Puro;1880311;983392;41714744;4054121071.44;536;113025.86
2021-12-31;4;VISA;Débito;Outros;Puro;782;136;8061;470188.13;0;0.00
2021-12-31;4;Elo;Crédito;Premium;Puro;55627;48417;1855029;380397598.82;3488;2165094.26
2021-12-31;4;Elo;Crédito;Outros;Puro;418704;250959;8316208;1619238315.63;13067;8966040.81
2021-12-31;4;VISA;Crédito;Corporativo;Puro;541293;281725;4415556;1972336346.48;133191;174789972.80
2021-12-31;4;VISA;Crédito;Empresarial;Puro;1915760;1156870;31902312;8997790414.46;353697;323225749.28
2021-12-31;4;MasterCard;Pré-Pago;Intermediário;Puro;28840289;17479661;589234892;22805476310.32;0;0.00
2021-12-31;4;American Express;Crédito;Premium;Puro;462323;352629;11856428;3520048325.43;237910;260999289.22
2021-12-31;4;VISA;Crédito;Empresarial;Híbrido;44858;15667;195412;225698967.06;0;0.00
2021-12-31;4;Hipercard;Crédito;Intermediário;Puro;5121;1804;22191;2188635.26;1;0.01
2021-12-31;4;MasterCard;Débito;Platinum;Puro;594505;307311;9370682;870794295.88;4459;2843911.50
2021-12-31;4;MasterCard;Crédito;Outros;Híbrido;17504866;6408382;80469745;8764760079.71;101190;14950432.96
2021-12-31;4;Bandeira própria;Crédito;Outros;Co-branded;5656444;1114932;4290797;529147383.74;0;0.00
2021-12-31;4;MasterCard;Crédito;Empresarial;Híbrido;42602;32093;496095;138498746.75;5780;3065134.09
2021-12-31;4;VISA;Crédito;Platinum;Híbrido;339376;208459;9510219;1781815802.26;70690;28489809.30
2021-12-31;4;MasterCard;Débito;Básico Internacional;Puro;40034629;15651628;545933438;39086595270.33;47713;13480012.87
2021-12-31;4;MasterCard;Pré-Pago;Empresarial;Puro;689169;274959;10048714;639256384.97;0;0.00
2021-12-31;4;MasterCard;Pré-Pago;Outros;Co-branded;12736;11523;11919;427705.00;148;7507.00
2021-12-31;4;MasterCard;Crédito;Intermediário;Co-branded;22438920;11682766;114184541;14700695684.19;176971;33820727.73
2021-12-31;4;VISA;Crédito;Outros;Híbrido;4848037;631819;9733824;1224819757.56;13752;2819929.83
2021-12-31;4;Bandeira própria;Crédito;Outros;Puro;292707;132127;1768686;203539542.61;0;0.00
2021-12-31;4;VISA;Crédito;Outros;Puro;5081243;2107290;25867751;2572745802.86;79288;48280220.57
2021-12-31;4;VISA;Débito;Básico Internacional;Híbrido;157848;11366;107527;5953958.47;0;0.00
2021-12-31;4;Elo;Crédito;Empresarial;Puro;507197;268219;5866848;1548717139.49;5719;3237661.22
2021-12-31;4;MasterCard;Crédito;Platinum;Puro;12442557;10163348;395394608;50020351956.51;2903689;738896393.03
2021-12-31;4;Elo;Débito;Outros;Híbrido;2373;284;4774;1891164.69;0;0.00
2021-12-31;4;MasterCard;Crédito;Platinum;Híbrido;131868;69877;3420231;632546737.82;23239;8751256.27
2021-12-31;4;MasterCard;Débito;Platinum;Co-branded;239199;45307;1108612;75315527.09;97;25529.83
2021-12-31;4;MasterCard;Crédito;Básico Internacional;Co-branded;10708895;3861347;47233947;4238729191.31;87665;12962344.65
2021-12-31;4;VISA;Pré-Pago;Básico Internacional;Puro;16609832;6652627;72201172;3727711788.31;413383;80571673.82
2021-12-31;4;MasterCard;Crédito;Básico Nacional;Puro;5693766;3015870;35603854;3311025628.93;16603;1446677.11
2021-12-31;4;MasterCard;Crédito;Empresarial;Puro;4056949;2297062;35639326;9057411993.37;411942;278753260.42
2021-12-31;4;MasterCard;Débito;Intermediário;Puro;58872419;35137294;796174835;49407630375.28;28985;6909675.32
2021-12-31;4;Elo;Débito;Empresarial;Puro;952733;375217;8909985;1299847892.18;0;0.00
2021-12-31;4;VISA;Crédito;Básico Nacional;Híbrido;7593600;3829685;34821194;3770849211.29;19;1612.32
2021-12-31;4;MasterCard;Débito;Empresarial;Co-branded;320982;87470;2083483;156089677.98;29;40993.32
2021-12-31;4;MasterCard;Crédito;Intermediário;Puro;61807806;42059556;910530370;85987908299.15;3917665;546830198.36
2021-12-31;4;Elo;Crédito;Intermediário;Co-branded;99408;84509;511742;107630728.58;0;0.00
2021-12-31;4;VISA;Crédito;Empresarial;Co-branded;952;777;10501;9300323.11;82;14434.07
2021-12-31;4;MasterCard;Crédito;Corporativo;Puro;153089;84731;3067383;1282581009.95;116975;148122336.55
2021-12-31;4;MasterCard;Pré-Pago;Básico Internacional;Puro;1102;734;559;24249.36;0;0.00
2021-12-31;4;MasterCard;Pré-Pago;Platinum;Puro;3973125;2379874;61434153;3139220758.50;0;0.00
2021-12-31;4;Elo;Crédito;Platinum;Puro;90980;60146;1724051;278631906.35;2002;497723.35
2021-12-31;4;MasterCard;Débito;Premium;Co-branded;124654;24461;427843;36021163.31;117;53415.85
2021-12-31;4;Hipercard;Crédito;Platinum;Puro;2186893;2053870;36896438;6097236557.23;1;0.01
2021-12-31;4;Elo;Débito;Básico Internacional;Puro;53547;46786;342529;19868511.86;0;0.00
2021-12-31;4;VISA;Crédito;Básico Internacional;Co-branded;9055825;3428807;26066426;2718521162.37;34330;4333192.81
2021-12-31;4;VISA;Crédito;Intermediário;Co-branded;5516154;4229165;55711608;6201755249.70;127775;22008104.73
2021-12-31;4;Bandeira própria;Crédito;Básico Nacional;Co-branded;1598596;528985;3018618;560678462.07;0;0.00
2021-12-31;4;Elo;Crédito;Outros;Híbrido;2373;284;67878;20203132.31;0;0.00
2021-12-31;4;VISA;Crédito;Premium;Híbrido;10625;9561;1458727;422087799.69;31007;22821009.16
2021-12-31;4;MasterCard;Pré-Pago;Premium;Puro;27477;10995;137563;8616414.51;0;0.00
2021-12-31;4;MasterCard;Pré-Pago;Básico Nacional;Puro;306053;199118;1059240;138683534.16;6874;708635.99
2021-12-31;4;MasterCard;Débito;Básico Nacional;Puro;554378;329163;11282241;895511175.47;18;19082.70
2021-12-31;4;MasterCard;Crédito;Outros;Co-branded;1071479;17;4;65.97;0;0.00
2021-12-31;4;MasterCard;Débito;Intermediário;Co-branded;9231788;8923645;1488177;82989881.09;56;15486.01
2021-12-31;4;Bandeira própria;Pré-Pago;Outros;Puro;591216;246442;649547;526595300.06;0;0.00
2021-12-31;4;MasterCard;Crédito;Intermediário;Híbrido;4680856;4413137;71908232;10655447293.68;24226;4424856.53
2021-12-31;4;Bandeira própria;Débito;Outros;Puro;1179294;497885;5400672;392720737.77;0;0.00
2021-12-31;4;VISA;Débito;Básico Nacional;Puro;12108377;6065726;179932372;12475533712.68;1562;209981.07
2021-12-31;4;American Express;Crédito;Intermediário;Puro;468261;331442;8801209;1556259279.42;60742;30173540.94
2021-12-31;4;VISA;Crédito;Básico Nacional;Co-branded;6045082;510692;4706980;566103565.35;229;20070.80
2021-12-31;4;Elo;Crédito;Básico Nacional;Puro;4310516;2498068;71661277;7649414858.34;29341;12075369.96
2021-12-31;4;Elo;Pré-Pago;Outros;Puro;22512777;1467050;1689129;80381745.64;0;0.00
2021-12-31;4;MasterCard;Crédito;Premium;Puro;2656526;2191390;147547887;31268410000.26;2370754;1372606928.30
2021-12-31;4;MasterCard;Crédito;Outros;Puro;219935;34241;932212;105898695.80;3112;923926.60
2021-12-31;4;Elo;Crédito;Corporativo;Puro;23769;12051;57961;119311949.90;148;172273.65
2021-12-31;4;Elo;Crédito;Básico Internacional;Co-branded;742419;567548;2273274;269576004.01;2216;1538839.85
2021-12-31;4;MasterCard;Débito;Corporativo;Puro;3449;2273;90696;8357473.59;2;18.10
2021-12-31;4;MasterCard;Crédito;Básico Nacional;Híbrido;4058413;1693021;18313966;1525001110.79;3;2459.84
2022-03-31;1;American Express;Crédito;Platinum;Puro;48;48;48;2391.98;0;0.00
2022-03-31;1;Elo;Crédito;Básico Internacional;Puro;3908365;2230960;43367151;7399474539.50;46796;23842276.67
2022-03-31;1;VISA;Crédito;Outros;Puro;5214542;2292501;26346578;2686183484.35;88946;60554740.96
2022-03-31;1;VISA;Crédito;Intermediário;Co-branded;6167542;5103595;66414169;6908149517.25;143354;31525704.82
2022-03-31;1;VISA;Crédito;Básico Nacional;Híbrido;7600519;3780984;31020041;3493413744.95;1;142.25
2022-03-31;1;Elo;Pré-Pago;Intermediário;Puro;6536450;131193;532172;36497916.85;0;0.00
2022-03-31;1;Elo;Débito;Empresarial;Puro;954135;369670;8102279;1152982519.94;0;0.00
2022-03-31;1;MasterCard;Pré-Pago;Premium;Puro;94947;50857;974849;63743273.88;0;0.00
2022-03-31;1;MasterCard;Pré-Pago;Básico Internacional;Puro;547063;255238;3370258;252433641.29;120183;4738548.95
2022-03-31;1;American Express;Crédito;Empresarial;Puro;21948;16437;475453;302644218.74;21197;32437478.70
2022-03-31;1;MasterCard;Débito;Corporativo;Puro;1127;718;118602;10618596.49;2;1179.17
2022-03-31;1;VISA;Pré-Pago;Básico Internacional;Puro;17710410;7154292;73644589;3715689760.72;680972;123555240.22
2022-03-31;1;VISA;Débito;Básico Internacional;Co-branded;12014;3101;71029;6516492.63;0;0.00
2022-03-31;1;Elo;Crédito;Intermediário;Co-branded;131178;97095;606309;129315496.84;0;0.00
2022-03-31;1;MasterCard;Débito;Intermediário;Puro;61121586;36094355;735778379;43767267408.82;31028;7156961.91
2022-03-31;1;MasterCard;Débito;Básico Internacional;Co-branded;4015866;2494649;97156159;2969229253.81;443;104008.18
2022-03-31;1;MasterCard;Crédito;Intermediário;Co-branded;23631503;13165636;110621827;13924362664.81;185928;36024633.03
2022-03-31;1;American Express;Crédito;Platinum;Co-branded;2825;2545;82400;21296353.15;2101;1653774.06
2022-03-31;1;MasterCard;Crédito;Platinum;Puro;13267307;10663542;371753248;46292592822.28;2867192;753927413.86
2022-03-31;1;MasterCard;Débito;Premium;Puro;251665;145324;2751763;262914328.56;964;540693.55
2022-03-31;1;MasterCard;Débito;Platinum;Co-branded;276077;54732;1159998;75884826.88;96;40625.81
2022-03-31;1;MasterCard;Crédito;Outros;Puro;245559;40568;1172631;120437077.50;3567;1134475.34
2022-03-31;1;MasterCard;Crédito;Platinum;Híbrido;133519;70213;3123766;576625004.97;22862;9044339.07
2022-03-31;1;Elo;Crédito;Outros;Híbrido;17347;6329;68116;21366068.00;0;0.00
2022-03-31;1;VISA;Débito;Outros;Puro;881;493;9643;530583.13;0;0.00
2022-03-31;1;VISA;Crédito;Intermediário;Puro;24802753;16081171;325098073;37803380497.68;868997;202089868.46
2022-03-31;1;VISA;Crédito;Premium;Puro;3087667;2356091;129540827;25970156621.63;1808360;1198844188.46
2022-03-31;1;Elo;Débito;Outros;Puro;145691066;30421888;451132350;26011138699.75;0;0.00
2022-03-31;1;MasterCard;Crédito;Platinum;Co-branded;813154;645696;17288076;3090992551.30;168805;68481751.19
2022-03-31;1;MasterCard;Crédito;Outros;Co-branded;1071385;10;3;58.00;0;0.00
2022-03-31;1;MasterCard;Crédito;Premium;Co-branded;224896;168293;5432480;1528672569.97;129296;91889592.44
2022-03-31;1;American Express;Crédito;Básico Nacional;Puro;52263;40330;853752;122085876.50;3849;1392501.54
2022-03-31;1;Bandeira própria;Crédito;Outros;Co-branded;5757348;1109289;4059023;469877426.12;0;0.00
2022-03-31;1;VISA;Crédito;Platinum;Híbrido;343643;210437;8760988;1628478509.32;74114;31064948.64
2022-03-31;1;VISA;Crédito;Premium;Co-branded;57759;47426;2315064;801741680.18;44622;31470557.46
2022-03-31;1;Elo;Pré-Pago;Básico Nacional;Puro;4389031;78591;149382;5718534.44;27;1839.40
2022-03-31;1;VISA;Crédito;Empresarial;Híbrido;45039;15415;199853;228122793.12;0;0.00
2022-03-31;1;Outras;Débito;Outros;Puro;3494750;1881664;42471427;3930882759.18;0;0.00
2022-03-31;1;VISA;Pré-Pago;Empresarial;Puro;3967;2139;39795;5130217.93;0;0.00
2022-03-31;1;Elo;Crédito;Empresarial;Puro;498299;271923;5747007;1542230049.57;8005;5537453.72
2022-03-31;1;Elo;Crédito;Outros;Puro;4153937;1930574;38720975;4854053317.53;44493;25371833.35
2022-03-31;1;Hipercard;Crédito;Empresarial;Puro;1603;980;8726;4162216.06;1;0.01
2022-03-31;1;MasterCard;Crédito;Básico Nacional;Co-branded;13245119;894492;12888969;1667078576.41;341;290642.89
2022-03-31;1;MasterCard;Pré-Pago;Empresarial;Puro;886509;330717;11932510;729179122.73;0;0.00
2022-03-31;1;Bandeira própria;Crédito;Outros;Puro;1758298;96996;4990648;596147016.20;0;0.00
2022-03-31;1;VISA;Pré-Pago;Outros;Puro;21597420;7106387;112939655;5416792519.22;153622;25725573.30
2022-03-31;1;MasterCard;Crédito;Outros;Híbrido;17818371;6299939;73127430;7924742373.23;81432;11912181.00
2022-03-31;1;MasterCard;Pré-Pago;Outros;Puro;17730071;2924040;30628409;1657029529.37;144006;27496459.30
2022-03-31;1;VISA;Crédito;Básico Nacional;Puro;10439892;7437025;175732622;15209418828.31;189234;32869257.79
2022-03-31;1;VISA;Débito;Platinum;Puro;1811479;1070345;38507949;3587414332.41;528;110605.25
2022-03-31;1;VISA;Crédito;Básico Internacional;Puro;18031354;10366039;189606718;19380598006.50;546277;112102431.24
2022-03-31;1;MasterCard;Débito;Empresarial;Puro;1261993;371872;10283170;733799933.24;43;28414.61
2022-03-31;1;VISA;Débito;Básico Nacional;Puro;12308499;6658638;171524153;11533429361.03;1272;175816.00
2022-03-31;1;MasterCard;Débito;Premium;Co-branded;141910;27419;456675;35738016.01;180;106868.12
2022-03-31;1;MasterCard;Débito;Intermediário;Co-branded;10658114;10344215;1337336;71484805.86;0;0.00
2022-03-31;1;American Express;Crédito;Premium;Co-branded;100;86;2054;1554003.26;274;1585510.59
2022-03-31;1;MasterCard;Débito;Empresarial;Co-branded;351007;86928;1997013;145350108.79;28;29245.62
2022-03-31;1;Hipercard;Crédito;Intermediário;Puro;4973;1713;19855;1909585.69;1;0.01
2022-03-31;1;MasterCard;Crédito;Básico Internacional;Co-branded;11546320;4033876;44450852;4148035353.10;82958;13200932.23
2022-03-31;1;MasterCard;Crédito;Básico Internacional;Puro;50054890;18103601;219932512;20548416879.50;712165;151354790.28
2022-03-31;1;Elo;Débito;Básico Nacional;Puro;43552033;16693896;414988527;25657831419.05;0;0.00
2022-03-31;1;MasterCard;Crédito;Empresarial;Híbrido;43288;35540;536824;151188666.48;6972;3694095.41
2022-03-31;1;MasterCard;Débito;Básico Internacional;Puro;40313628;15580405;488739524;34061268333.95;48714;13256489.99
2022-03-31;1;Elo;Crédito;Corporativo;Puro;23579;11656;57232;94948353.47;419;308242.21
2022-03-31;1;MasterCard;Crédito;Intermediário;Puro;67017211;44326843;908667199;82991426323.27;4017039;552470302.56
2022-03-31;1;MasterCard;Crédito;Básico Internacional;Híbrido;3101140;1156625;10455017;961606328.66;20886;2923195.02
2022-03-31;1;Elo;Pré-Pago;Básico Internacional;Puro;5131220;3357944;22606277;1002374963.31;655;125157.95
2022-03-31;1;VISA;Débito;Intermediário;Puro;6482171;3687765;82215330;5781566245.78;882;197738.08
2022-03-31;1;VISA;Crédito;Corporativo;Puro;518586;290494;3966144;1566863620.84;142959;188110958.45
2022-03-31;1;MasterCard;Pré-Pago;Platinum;Puro;4596603;2534201;61820151;3040184638.17;0;0.00
2022-03-31;1;VISA;Crédito;Empresarial;Co-branded;906;734;9401;9334470.69;67;41363.75
2022-03-31;1;Hipercard;Crédito;Platinum;Puro;1994081;1870770;31195618;5222353043.36;1;0.01
2022-03-31;1;Elo;Pré-Pago;Outros;Puro;26117724;1599009;3494827;152371922.42;0;0.00
2022-03-31;1;MasterCard;Crédito;Premium;Puro;3042641;2544049;155360679;31078095509.55;2969095;1741177295.91
2022-03-31;1;Bandeira própria;Pré-Pago;Outros;Puro;728187;728187;605545;644958754.48;0;0.00
2022-03-31;1;VISA;Crédito;Empresarial;Puro;2067830;1319790;31731103;9098232476.43;354199;335511302.34
2022-03-31;1;MasterCard;Débito;Outros;Puro;740889;224945;3028723;142685373.39;704;279762.67
2022-03-31;1;MasterCard;Crédito;Empresarial;Puro;4680041;2740592;35804855;9079446385.01;428566;284739193.67
2022-03-31;1;MasterCard;Crédito;Básico Nacional;Híbrido;4033619;1656858;17630206;1456535352.10;0;0.00
2022-03-31;1;Elo;Débito;Básico Internacional;Puro;61316;54712;396937;21607302.17;0;0.00
2022-03-31;1;Elo;Crédito;Intermediário;Puro;3374373;1173418;17732574;1948168064.80;6363;624240.07
2022-03-31;1;VISA;Pré-Pago;Corporativo;Puro;934191;82803;3629316;370483657.93;187717;59804929.84
2022-03-31;1;American Express;Crédito;Premium;Puro;487144;380711;12357726;3497812521.90;315214;355012614.49
2022-03-31;1;Elo;Crédito;Básico Nacional;Co-branded;125503;86408;527953;85774511.00;0;0.00
2022-03-31;1;MasterCard;Débito;Básico Nacional;Puro;489043;352453;10061977;780066196.34;36;11870.28
2022-03-31;1;Elo;Crédito;Básico Nacional;Puro;3051417;1936356;59800919;6604627528.08;36215;15610075.12
2022-03-31;1;Elo;Crédito;Básico Internacional;Co-branded;766634;553253;1958021;193499803.86;714;115846.04
2022-03-31;1;MasterCard;Pré-Pago;Intermediário;Puro;33199628;19592509;639725602;23716621359.89;0;0.00
2022-03-31;1;MasterCard;Crédito;Empresarial;Co-branded;325957;74291;471566;125760845.43;3278;1858191.55
2022-03-31;1;Bandeira própria;Débito;Outros;Puro;25300;8769;36834;5935547.62;0;0.00
2022-03-31;1;Outras;Crédito;Outros;Puro;223571;176005;63065;18605657.00;1;51.69
2022-03-31;1;VISA;Crédito;Básico Nacional;Co-branded;6064246;512397;4144626;503260475.46;607;65720.97
2022-03-31;1;MasterCard;Pré-Pago;Básico Nacional;Puro;261944;192244;1100579;109119543.01;6168;585225.27
2022-03-31;1;VISA;Crédito;Platinum;Puro;8696405;6385525;233388190;35687435880.28;1642079;651012022.69
2022-03-31;1;MasterCard;Pré-Pago;Outros;Co-branded;18381;12169;11881;466197.00;69;2192.00
2022-03-31;1;VISA;Crédito;Básico Internacional;Híbrido;7225732;4474854;50360207;6018676599.46;103359;20899990.33
2022-03-31;1;Bandeira própria;Crédito;Outros;Híbrido;688155;346763;3147399;488343968.11;0;0.00
2022-03-31;1;MasterCard;Crédito;Básico Nacional;Puro;6166767;2803544;32762848;3022302278.80;13502;1230878.32
2022-03-31;1;VISA;Débito;Premium;Puro;635805;338672;10290036;1068600611.36;399;101889.56
2022-03-31;1;VISA;Crédito;Outros;Híbrido;4849514;584149;8633600;1088194295.26;12072;2325784.37
2022-03-31;1;VISA;Crédito;Platinum;Co-branded;679835;567145;19758455;3310994108.37;148687;60977945.68
2022-03-31;1;VISA;Débito;Básico Internacional;Puro;134019152;50236279;990387353;65171102499.66;17365;3255421.51
2022-03-31;1;VISA;Débito;Empresarial;Puro;1311917;504910;18164074;2412235436.57;1639;482476.23
2022-03-31;1;MasterCard;Crédito;Intermediário;Híbrido;4638340;4366494;66684357;9961014071.30;25119;4868795.91
2022-03-31;1;MasterCard;Crédito;Premium;Híbrido;2791;2408;280386;81998658.09;7746;6865913.66
2022-03-31;1;MasterCard;Crédito;Corporativo;Puro;151843;87780;3005901;1299188669.76;120295;156357184.23
2022-03-31;1;American Express;Crédito;Corporativo;Puro;75912;57606;1004784;741630575.80;58791;104333540.71
2022-03-31;1;VISA;Pré-Pago;Básico Nacional;Puro;7131717;1632360;16371530;1911468010.39;61;60790.77
2022-03-31;1;MasterCard;Débito;Platinum;Puro;527494;327663;8564989;757358219.50;6707;2891599.99
2022-03-31;1;VISA;Débito;Básico Internacional;Híbrido;263134;23622;167983;10067158.65;3;936.61
2022-03-31;1;VISA;Crédito;Premium;Híbrido;11938;10640;1352923;390596035.77;34901;26623541.97
2022-03-31;1;VISA;Crédito;Básico Internacional;Co-branded;9484709;3646119;26525350;2668008984.89;36007;4536387.95
2022-03-31;1;VISA;Crédito;Intermediário;Híbrido;1228366;849354;15484181;2435634968.99;62978;18155842.78
2022-03-31;1;American Express;Crédito;Intermediário;Puro;438249;325651;8488120;1497223483.35;64783;33192162.92
2022-03-31;1;American Express;Crédito;Intermediário;Co-branded;10006;9108;208385;28216596.53;1076;461091.39
2022-03-31;1;Elo;Débito;Outros;Híbrido;17347;6329;68116;21366068.00;0;0.00
2022-06-30;2;Outras;Crédito;Outros;Puro;213690;175723;60054;18109436.11;0;0.00
2022-06-30;2;VISA;Crédito;Premium;Puro;3519286;2688243;149164539;29956717138.32;2476452;1528415188.69
2022-06-30;2;MasterCard;Débito;Empresarial;Puro;1355617;386788;11147588;802090067.29;23;14494.87
2022-06-30;2;MasterCard;Crédito;Empresarial;Co-branded;352548;75561;505258;140818614.60;3305;2113562.18
2022-06-30;2;Elo;Crédito;Outros;Puro;4328057;2046917;41187169;5704708030.64;58237;32386751.14
2022-06-30;2;American Express;Crédito;Intermediário;Puro;422273;319104;8796185;1557883228.49;72854;37586925.67
2022-06-30;2;MasterCard;Crédito;Platinum;Puro;14113008;11211736;402744845;50651580960.04;3396842;899538225.77
2022-06-30;2;Bandeira própria;Crédito;Outros;Co-branded;5866651;1099844;4140854;513703918.25;0;0.00
2022-06-30;2;VISA;Débito;Premium;Puro;655811;353701;11014610;1135035906.23;384;84062.87
2022-06-30;2;MasterCard;Débito;Platinum;Co-branded;190634;139090;1252008;80912635.35;76;36113.92
2022-06-30;2;MasterCard;Débito;Intermediário;Puro;62871917;36482545;775018690;46356496236.28;37556;7784526.69
2022-06-30;2;VISA;Débito;Básico Internacional;Co-branded;10464;3168;69967;6515967.36;0;0.00
2022-06-30;2;MasterCard;Crédito;Premium;Puro;3369582;2837005;184129867;36978578468.54;3990979;2207589943.56
2022-06-30;2;VISA;Crédito;Básico Internacional;Híbrido;7506481;4439101;53210629;6569257154.32;116479;23211094.44
2022-06-30;2;MasterCard;Débito;Premium;Puro;336414;199912;4414083;368250069.46;927;527193.01
2022-06-30;2;American Express;Crédito;Premium;Co-branded;131;116;6238;5409977.55;731;2403230.59
2022-06-30;2;VISA;Débito;Intermediário;Puro;7628314;4427899;98060051;6728117871.25;955;175433.91
2022-06-30;2;VISA;Crédito;Premium;Híbrido;12718;11076;1441138;414549355.74;39581;26492193.02
2022-06-30;2;VISA;Pré-Pago;Corporativo;Puro;918322;92500;3814684;410150647.93;237415;76534443.03
2022-06-30;2;MasterCard;Pré-Pago;Outros;Puro;12463410;1526982;28262871;1669744844.89;180556;32389612.08
2022-06-30;2;MasterCard;Débito;Básico Nacional;Puro;482964;355482;10666730;839596759.69;30;16553.42
2022-06-30;2;American Express;Crédito;Platinum;Co-branded;3154;2860;100537;25826731.95;3096;2385422.81
2022-06-30;2;VISA;Crédito;Corporativo;Puro;539525;313696;5263018;2293266998.97;255585;254486966.35
2022-06-30;2;VISA;Crédito;Intermediário;Co-branded;6365154;5077505;73322567;7624008761.14;174645;32344243.47
2022-06-30;2;MasterCard;Crédito;Platinum;Híbrido;135754;70196;3317883;619212694.69;25928;10174858.86
2022-06-30;2;Elo;Crédito;Corporativo;Puro;23637;11328;68190;112845441.47;725;299052.17
2022-06-30;2;VISA;Crédito;Empresarial;Híbrido;45276;15056;197514;238967421.85;0;0.00
2022-06-30;2;MasterCard;Crédito;Outros;Co-branded;1090264;12515;6804;259343.40;195;5006.71
2022-06-30;2;American Express;Crédito;Premium;Puro;510051;407974;14034825;4006639648.29;365740;381021667.66
2022-06-30;2;VISA;Crédito;Empresarial;Co-branded;870;698;8573;8821784.28;63;19600.07
2022-06-30;2;VISA;Crédito;Platinum;Puro;9056444;6728928;254573276;39052623240.24;2096675;815529070.00
2022-06-30;2;Elo;Débito;Outros;Híbrido;10998;10908;107192;22348481.00;0;0.00
2022-06-30;2;MasterCard;Pré-Pago;Básico Nacional;Puro;268131;197191;1162583;121335504.07;4600;520927.66
2022-06-30;2;Bandeira própria;Pré-Pago;Outros;Puro;633152;633152;522895;749227101.50;0;0.00
2022-06-30;2;Bandeira própria;Crédito;Outros;Híbrido;680196;339429;3295003;527952897.11;0;0.00
2022-06-30;2;MasterCard;Crédito;Intermediário;Puro;71223854;46315342;985431292;90539220105.11;4512451;638136945.62
2022-06-30;2;MasterCard;Débito;Premium;Co-branded;87126;64220;526146;40418492.25;158;72391.18
2022-06-30;2;MasterCard;Débito;Básico Internacional;Puro;41085473;15303441;497289321;35570550927.34;52106;14702400.97
2022-06-30;2;Bandeira própria;Débito;Outros;Puro;28189;1611;39617;5789783.22;0;0.00
2022-06-30;2;VISA;Pré-Pago;Básico Internacional;Puro;18723434;7635271;79783633;4163920326.40;851215;159336940.18
2022-06-30;2;VISA;Crédito;Empresarial;Puro;2178358;1386723;34869041;10428521466.48;407010;364208219.98
2022-06-30;2;Hipercard;Crédito;Intermediário;Puro;4831;1625;19890;2095032.62;1;0.01
2022-06-30;2;Elo;Crédito;Básico Internacional;Puro;3866156;2221455;47624880;8444800582.56;59352;29887894.53
2022-06-30;2;VISA;Crédito;Platinum;Co-branded;839048;718013;27593665;4490156066.69;228116;88938208.21
2022-06-30;2;VISA;Débito;Básico Internacional;Híbrido;226116;123655;212300;11352222.21;0;0.00
2022-06-30;2;American Express;Crédito;Platinum;Puro;29;29;29;1001.06;0;0.00
2022-06-30;2;MasterCard;Crédito;Premium;Co-branded;256510;196941;6559752;1859312412.65;165463;101392392.70
2022-06-30;2;MasterCard;Pré-Pago;Premium;Puro;97931;59739;1429055;94730001.14;0;0.00
2022-06-30;2;VISA;Débito;Empresarial;Puro;1326144;522000;18869912;2571506735.94;2248;714970.72
2022-06-30;2;VISA;Débito;Básico Internacional;Puro;134157160;48474215;1028246874;68626666396.63;20009;3741618.24
2022-06-30;2;Elo;Pré-Pago;Básico Nacional;Puro;4395996;25746;116098;4549356.74;9;549.96
2022-06-30;2;MasterCard;Pré-Pago;Básico Internacional;Puro;8023;229;1726;76802.12;0;0.00
2022-06-30;2;VISA;Crédito;Básico Internacional;Co-branded;10027177;3911458;28396339;2980284589.68;40745;5415675.55
2022-06-30;2;VISA;Crédito;Básico Nacional;Puro;10694613;7653267;184501469;16384799371.60;230310;40789794.23
2022-06-30;2;American Express;Crédito;Corporativo;Puro;77004;58863;1275688;1141708392.57;105898;149512238.64
2022-06-30;2;VISA;Crédito;Platinum;Híbrido;349870;210214;9325612;1755202824.28;84205;36606416.83
2022-06-30;2;MasterCard;Crédito;Básico Internacional;Puro;54047723;18602883;226413429;21218767185.48;686038;151904675.87
2022-06-30;2;MasterCard;Crédito;Básico Nacional;Híbrido;4033656;1604467;18155053;1541902979.40;1;258.07
2022-06-30;2;MasterCard;Crédito;Platinum;Co-branded;908489;718825;18949651;3403385692.21;204884;81709513.38
2022-06-30;2;MasterCard;Débito;Básico Internacional;Co-branded;4567815;2797685;18976463;805893666.07;507;147791.13
2022-06-30;2;Hipercard;Crédito;Intermediário;Co-branded;1;1;1;0.01;1;0.01
2022-06-30;2;Elo;Débito;Empresarial;Puro;969653;365152;8348407;1225141632.71;0;0.00
2022-06-30;2;MasterCard;Crédito;Básico Internacional;Híbrido;3387361;1134333;10560740;1010894336.58;19567;3060843.86
2022-06-30;2;Elo;Crédito;Intermediário;Puro;3690940;1250018;19290742;2306959131.01;5042;579795.30
2022-06-30;2;Elo;Débito;Básico Nacional;Puro;43249956;17096199;431068245;27450585149.77;0;0.00
2022-06-30;2;Outras;Débito;Outros;Puro;3467849;1879740;43138415;4188472409.69;0;0.00
2022-06-30;2;VISA;Crédito;Básico Nacional;Híbrido;7670407;3707698;32594333;3754880968.95;0;0.00
2022-06-30;2;Elo;Pré-Pago;Outros;Puro;28731298;1657243;2148402;94489423.30;0;0.00
2022-06-30;2;VISA;Débito;Outros;Puro;937;132;10398;609159.38;0;0.00
2022-06-30;2;American Express;Crédito;Intermediário;Co-branded;9902;8958;201965;27402904.90;1443;479139.98
2022-06-30;2;MasterCard;Pré-Pago;Platinum;Puro;5032596;2799486;72633366;3560856482.96;0;0.00
2022-06-30;2;MasterCard;Crédito;Outros;Híbrido;18418281;6328850;75357190;8518121588.14;84342;12896237.09
2022-06-30;2;MasterCard;Crédito;Intermediário;Híbrido;4576122;4307171;69703892;10921265818.68;28074;5582090.64
2022-06-30;2;MasterCard;Crédito;Empresarial;Puro;5083431;2871657;38411833;10104824930.75;491550;317843798.19
2022-06-30;2;Elo;Pré-Pago;Intermediário;Puro;8201332;163089;615060;33037344.17;0;0.00
2022-06-30;2;Elo;Débito;Outros;Puro;148657069;30583585;468676044;27713254673.95;0;0.00
2022-06-30;2;Bandeira própria;Crédito;Outros;Puro;1781973;91844;5318145;691000665.27;0;0.00
2022-06-30;2;VISA;Crédito;Básico Internacional;Puro;18839542;10864637;202030367;20978574201.42;640529;135271535.49
2022-06-30;2;MasterCard;Crédito;Outros;Puro;372800;157845;3401047;287170071.10;5948;1885946.55
2022-06-30;2;VISA;Débito;Básico Nacional;Puro;12903318;7107017;188031511;12775789659.36;1348;225095.39
2022-06-30;2;MasterCard;Pré-Pago;Intermediário;Puro;36473527;21993704;781314885;29305272420.93;0;0.00
2022-06-30;2;American Express;Crédito;Básico Nacional;Puro;48997;39289;870570;123268958.63;4282;1652890.22
2022-06-30;2;Elo;Crédito;Básico Internacional;Co-branded;806247;535592;2048591;219293001.94;679;91146.19
2022-06-30;2;MasterCard;Crédito;Básico Nacional;Co-branded;13222493;852254;12573990;1626057916.57;201;111613.56
2022-06-30;2;MasterCard;Débito;Intermediário;Co-branded;12245834;11925771;101803619;2930751344.95;0;0.00
2022-06-30;2;VISA;Crédito;Outros;Puro;5338634;2670351;30079118;3015228823.86;103400;60614449.76
2022-06-30;2;American Express;Crédito;Empresarial;Puro;22356;16630;541499;375699756.32;26112;36940853.85
2022-06-30;2;MasterCard;Crédito;Básico Internacional;Co-branded;12171225;3994660;28663225;3002437998.48;56810;9863033.74
2022-06-30;2;VISA;Crédito;Básico Nacional;Co-branded;6079930;498493;4230536;532120471.18;968;91338.00
2022-06-30;2;MasterCard;Crédito;Premium;Híbrido;3054;2594;307062;92669717.92;8722;7069573.24
2022-06-30;2;Hipercard;Crédito;Empresarial;Puro;1576;965;6457;2975184.62;1;0.01
2022-06-30;2;Elo;Crédito;Básico Nacional;Puro;2822997;1846910;61073385;6913149410.66;41871;18439494.43
2022-06-30;2;MasterCard;Débito;Platinum;Puro;656445;408257;14086755;1130609591.85;6325;2768068.14
2022-06-30;2;MasterCard;Crédito;Básico Nacional;Puro;5363414;2685264;35388712;3334317186.31;11845;1181470.99
2022-06-30;2;VISA;Pré-Pago;Empresarial;Puro;4210;2196;38839;5161115.42;0;0.00
2022-06-30;2;VISA;Crédito;Intermediário;Híbrido;1211065;810939;16410122;2609166577.26;74561;22230539.95
2022-06-30;2;Elo;Crédito;Empresarial;Puro;503594;282292;6130762;1716949054.49;7044;4667369.32
2022-06-30;2;MasterCard;Débito;Empresarial;Co-branded;360748;249921;2082477;153931022.78;66;73755.66
2022-06-30;2;VISA;Crédito;Premium;Co-branded;75935;63779;3216564;1100100040.51;67927;42976130.46
2022-06-30;2;Elo;Crédito;Outros;Híbrido;3357;904;93168;22348481.00;0;0.00
2022-06-30;2;MasterCard;Débito;Outros;Puro;801738;257516;3737075;176837381.78;931;336716.18
2022-06-30;2;VISA;Crédito;Intermediário;Puro;25023382;16262619;341540225;40392815472.14;1009466;241245879.12
2022-06-30;2;MasterCard;Crédito;Empresarial;Híbrido;41874;36657;595768;162955573.87;7224;3931551.69
2022-06-30;2;Elo;Pré-Pago;Básico Internacional;Puro;4941285;3207392;21453496;969180739.84;894;220489.06
2022-06-30;2;VISA;Débito;Platinum;Puro;1857819;1108246;40943249;3801196501.06;522;113435.35
2022-06-30;2;Elo;Crédito;Intermediário;Co-branded;178916;114796;849224;154804118.38;0;0.00
2022-06-30;2;VISA;Pré-Pago;Outros;Puro;22183203;6835667;118502759;5751389953.09;190752;30952018.77
2022-06-30;2;MasterCard;Crédito;Intermediário;Co-branded;25275466;14305892;137862090;17156953171.25;233856;45376805.48
2022-06-30;2;MasterCard;Débito;Corporativo;Puro;629;355;123763;11634810.61;20;7444.62
2022-06-30;2;MasterCard;Crédito;Corporativo;Puro;157499;96588;4043576;2035550486.48;218509;231596401.94
2022-06-30;2;VISA;Crédito;Outros;Híbrido;4862592;543652;8709527;1137172401.89;12259;2454336.02
2022-06-30;2;Hipercard;Crédito;Platinum;Puro;1802324;1693205;30334139;5188999931.33;1;0.01
2022-06-30;2;Elo;Débito;Básico Internacional;Puro;69431;59153;578857;33395692.16;0;0.00
2022-06-30;2;MasterCard;Pré-Pago;Empresarial;Puro;1099145;394646;15687529;973697833.18;0;0.00
2022-06-30;2;Elo;Crédito;Básico Nacional;Co-branded;157041;108175;647089;108742262.36;0;0.00
2022-06-30;2;VISA;Pré-Pago;Básico Nacional;Puro;7983728;1758347;20002515;2368892997.95;153;80071.01
2022-09-30;3;Elo;Crédito;Corporativo;Puro;23628;10946;79774;115110192.07;631;469475.15
2022-09-30;3;Elo;Débito;Básico Nacional;Puro;43449612;16898176;422334310;26306269266.62;0;0.00
2022-09-30;3;Hipercard;Crédito;Empresarial;Puro;1530;915;7924;4327977.18;1;0.01
2022-09-30;3;MasterCard;Crédito;Empresarial;Puro;5187722;2715700;40505557;10708504411.01;521299;343204156.25
2022-09-30;3;MasterCard;Débito;Empresarial;Puro;1449848;399892;11874885;832011209.57;23;20696.61
2022-09-30;3;MasterCard;Crédito;Premium;Puro;3507796;2941920;205842176;40705856049.66;4758550;2606352822.41
2022-09-30;3;Elo;Crédito;Básico Internacional;Puro;3575709;2194956;47572368;8817811325.61;64654;32504064.87
2022-09-30;3;Elo;Débito;Outros;Híbrido;13125;9002;6297;2136415.00;0;0.00
2022-09-30;3;MasterCard;Crédito;Intermediário;Puro;74844261;48109568;1051586535;93942515622.58;4897450;685068637.41
2022-09-30;3;Elo;Crédito;Intermediário;Co-branded;227718;143160;1150730;174329134.36;0;0.00
2022-09-30;3;MasterCard;Débito;Platinum;Co-branded;375438;147189;1173713;73843872.15;85;40732.61
2022-09-30;3;VISA;Crédito;Básico Nacional;Co-branded;6112292;499855;4200312;535596098.78;1015;83246.90
2022-09-30;3;MasterCard;Pré-Pago;Intermediário;Puro;40236757;24242211;892048996;32675279637.25;1;0.01
2022-09-30;3;VISA;Crédito;Básico Internacional;Puro;19176576;10813298;201989377;21163427263.61;644670;139556072.14
2022-09-30;3;VISA;Crédito;Outros;Híbrido;4882306;509430;8230820;1083399059.76;11356;2694797.62
2022-09-30;3;VISA;Crédito;Intermediário;Co-branded;6154131;5072224;74959951;7725160947.10;179842;34499946.22
2022-09-30;3;VISA;Crédito;Básico Internacional;Co-branded;10558499;4114041;29483507;3094761673.39;45156;6411886.28
2022-09-30;3;MasterCard;Crédito;Platinum;Híbrido;141845;69051;3357616;633719584.92;29264;11858298.45
2022-09-30;3;Elo;Crédito;Básico Nacional;Puro;2680237;1773302;61379683;7072715339.53;45099;19257102.96
2022-09-30;3;MasterCard;Crédito;Empresarial;Híbrido;39247;36107;652480;171764438.84;8828;4783918.17
2022-09-30;3;MasterCard;Crédito;Premium;Híbrido;3421;2909;318713;95410645.67;10824;8288052.35
2022-09-30;3;VISA;Pré-Pago;Básico Internacional;Puro;19987103;8017180;80893109;4250328407.80;1245168;226759923.94
2022-09-30;3;MasterCard;Pré-Pago;Platinum;Puro;5466048;2976279;80420555;3856858553.24;0;0.00
2022-09-30;3;MasterCard;Crédito;Empresarial;Co-branded;375029;74209;473435;137372739.09;3657;1659320.32
2022-09-30;3;VISA;Crédito;Platinum;Puro;8860334;6629227;263888895;40142558574.38;2305437;889350951.38
2022-09-30;3;Hipercard;Crédito;Intermediário;Puro;405;19;16423;1677314.87;1;0.01
2022-09-30;3;MasterCard;Crédito;Outros;Puro;447419;200320;5667530;451935142.17;7568;2473471.06
2022-09-30;3;Elo;Crédito;Outros;Puro;4970177;2332483;49311755;6839461381.24;70485;38360882.28
2022-09-30;3;American Express;Crédito;Intermediário;Co-branded;10230;9278;210118;28615147.88;1560;481881.00
2022-09-30;3;MasterCard;Crédito;Outros;Co-branded;1091119;13193;10818;357728.58;261;9772.00
2022-09-30;3;MasterCard;Débito;Básico Nacional;Puro;476866;352628;10773527;836124836.56;21;14145.20
2022-09-30;3;American Express;Crédito;Premium;Puro;555217;440098;15184423;4306682351.76;423863;467440836.21
2022-09-30;3;Outras;Crédito;Outros;Co-branded;33492;2;3;44.70;0;0.00
2022-09-30;3;VISA;Crédito;Premium;Híbrido;10930;9451;1487746;416484007.40;42580;29965541.37
2022-09-30;3;Hipercard;Crédito;Platinum;Puro;1618439;1518417;28073931;4796943480.23;1;0.01
2022-09-30;3;VISA;Débito;Premium;Puro;683512;369462;11857794;1197950232.76;494;107908.32
2022-09-30;3;VISA;Débito;Básico Nacional;Puro;13545798;7509447;199739005;13322293905.34;1906;216761.01
2022-09-30;3;VISA;Débito;Intermediário;Puro;8434932;4984461;108815155;7131427400.55;1255;243397.02
2022-09-30;3;VISA;Débito;Básico Internacional;Puro;138700091;44268332;1027515859;67876191905.51;20983;4123210.16
2022-09-30;3;American Express;Crédito;Platinum;Co-branded;4692;4070;123593;31757995.47;3399;2751661.77
2022-09-30;3;Outras;Crédito;Outros;Puro;111405;87264;51005;17519172.81;0;0.00
2022-09-30;3;MasterCard;Crédito;Básico Internacional;Co-branded;12491712;3871595;26990311;2923971774.70;65242;10651947.14
2022-09-30;3;MasterCard;Pré-Pago;Empresarial;Puro;1326421;452900;19051729;1150498383.35;0;0.00
2022-09-30;3;MasterCard;Crédito;Básico Internacional;Híbrido;3162315;1106486;10887245;1057189599.00;22939;3608496.96
2022-09-30;3;MasterCard;Débito;Básico Nacional;Co-branded;30;12;2;70.00;0;0.00
2022-09-30;3;MasterCard;Débito;Básico Internacional;Puro;41229471;14915692;492394481;34651790798.64;55351;17700511.40
2022-09-30;3;MasterCard;Crédito;Premium;Co-branded;262856;203653;7033861;1959934887.02;189150;118506480.52
2022-09-30;3;VISA;Débito;Platinum;Puro;1907456;1142782;43231220;3953504368.02;761;126545.31
2022-09-30;3;MasterCard;Crédito;Outros;Híbrido;19221536;6413619;74878108;8489910751.45;82839;12844474.69
2022-09-30;3;MasterCard;Débito;Básico Internacional;Co-branded;4940255;3005133;18537416;761583703.42;455;132735.29
2022-09-30;3;Elo;Débito;Básico Internacional;Puro;81682;70192;436263;23190078.05;0;0.00
2022-09-30;3;Elo;Pré-Pago;Básico Nacional;Puro;4400044;14265;74856;2795278.11;0;0.00
2022-09-30;3;VISA;Crédito;Básico Internacional;Híbrido;6536310;4175445;54098970;6990624852.28;126879;25916587.70
2022-09-30;3;VISA;Crédito;Premium;Puro;4103810;3080153;169410301;33712936543.48;3043165;1855864340.19
2022-09-30;3;MasterCard;Crédito;Básico Nacional;Co-branded;13192120;816929;11130100;1442607545.17;504;314402.83
2022-09-30;3;VISA;Pré-Pago;Empresarial;Puro;4427;2208;39761;4982622.56;0;0.00
2022-09-30;3;MasterCard;Débito;Intermediário;Co-branded;13466714;13144049;119898071;3448805843.90;0;0.00
2022-09-30;3;Elo;Crédito;Básico Internacional;Co-branded;835954;483717;2023535;209567546.73;1795;334873.72
2022-09-30;3;Elo;Pré-Pago;Outros;Puro;30672407;1686230;2263391;86965415.53;0;0.00
2022-09-30;3;Bandeira própria;Débito;Outros;Puro;27839;8163;136385;10959667.74;0;0.00
2022-09-30;3;VISA;Crédito;Básico Nacional;Puro;10519099;7687312;189111974;16978884956.40;239566;43574798.00
2022-09-30;3;VISA;Crédito;Empresarial;Puro;2414494;1597038;40919115;11255586228.66;423466;384361019.97
2022-09-30;3;American Express;Crédito;Platinum;Puro;21;21;21;645.30;0;0.00
2022-09-30;3;MasterCard;Crédito;Básico Nacional;Puro;7286454;3439229;46572093;4791336126.06;82602;2397384.62
2022-09-30;3;Hipercard;Crédito;Intermediário;Co-branded;2;1;1;0.01;1;0.01
2022-09-30;3;Elo;Pré-Pago;Intermediário;Puro;9397312;142045;703964;32737249.40;0;0.00
2022-09-30;3;VISA;Débito;Básico Internacional;Co-branded;10001;3199;67839;6191577.15;0;0.00
2022-09-30;3;MasterCard;Pré-Pago;Premium;Puro;120712;67496;1654770;106705750.68;0;0.00
2022-09-30;3;American Express;Crédito;Básico Nacional;Puro;46708;37821;835587;120233762.91;4380;1777043.44
2022-09-30;3;MasterCard;Débito;Premium;Co-branded;147572;68846;537610;39486683.11;198;130710.95
2022-09-30;3;MasterCard;Crédito;Intermediário;Híbrido;4541607;4222417;69193892;10728055269.04;29592;6594968.17
2022-09-30;3;Elo;Débito;Empresarial;Puro;1009315;366055;8409745;1252153290.66;0;0.00
2022-09-30;3;VISA;Crédito;Platinum;Híbrido;323248;180111;9507522;1803616775.00;93823;41292682.31
2022-09-30;3;MasterCard;Crédito;Básico Internacional;Puro;61314762;19740176;235734682;22240644983.46;705986;159111709.22
2022-09-30;3;VISA;Débito;Empresarial;Co-branded;200;1;1;219.98;0;0.00
2022-09-30;3;MasterCard;Débito;Intermediário;Puro;64345088;37139599;782769495;45150526506.65;42695;8859409.73
2022-09-30;3;American Express;Crédito;Intermediário;Puro;406688;311719;8616785;1538953710.75;77612;40487976.42
2022-09-30;3;MasterCard;Crédito;Platinum;Puro;14374400;11299979;417400297;51925977613.56;3548088;926994997.64
2022-09-30;3;Elo;Pré-Pago;Básico Internacional;Puro;4797786;3091576;19110446;865580520.95;1059;277634.92
2022-09-30;3;MasterCard;Débito;Corporativo;Puro;448;233;116725;11550569.60;3;7393.09
2022-09-30;3;MasterCard;Pré-Pago;Básico Nacional;Puro;245323;167009;1215450;106126302.18;13186;603984.35
2022-09-30;3;American Express;Crédito;Corporativo;Puro;77420;58953;1372556;1211734329.63;104803;148765501.89
2022-09-30;3;MasterCard;Crédito;Intermediário;Co-branded;24829018;13885885;128498248;15676592392.93;238450;45835615.74
2022-09-30;3;Elo;Crédito;Básico Nacional;Co-branded;196196;133074;792030;138568002.78;0;0.00
2022-09-30;3;VISA;Crédito;Platinum;Co-branded;818793;721467;34887894;5346277262.92;288224;107408872.82
2022-09-30;3;MasterCard;Pré-Pago;Básico Internacional;Puro;145051;65095;436184;29751192.60;1164;101393.84
2022-09-30;3;VISA;Crédito;Empresarial;Híbrido;45090;14572;181418;224138543.50;18;15720.55
2022-09-30;3;VISA;Crédito;Empresarial;Co-branded;829;665;8685;7280575.31;57;11982.00
2022-09-30;3;VISA;Crédito;Premium;Co-branded;73535;63757;4082138;1346981773.20;86886;54766774.56
2022-09-30;3;Bandeira própria;Crédito;Outros;Puro;4853884;863437;5476506;692962945.51;0;0.00
2022-09-30;3;VISA;Crédito;Intermediário;Híbrido;1108879;690770;17233814;2779815298.90;81131;24469086.25
2022-09-30;3;MasterCard;Pré-Pago;Outros;Puro;19545879;2746560;33798298;1931888910.90;157943;34497864.03
2022-09-30;3;MasterCard;Crédito;Corporativo;Puro;166240;103685;4327659;2231853629.57;242147;253636834.65
2022-09-30;3;American Express;Crédito;Premium;Co-branded;185;164;10650;8362594.28;811;2404808.78
2022-09-30;3;VISA;Crédito;Outros;Puro;6739820;2608552;32682697;3444294540.74;121069;77685368.15
2022-09-30;3;VISA;Débito;Básico Internacional;Híbrido;297108;21037;264906;13881097.00;0;0.00
2022-09-30;3;Bandeira própria;Pré-Pago;Outros;Puro;693202;693202;532671;881244654.58;0;0.00
2022-09-30;3;VISA;Débito;Empresarial;Puro;1310231;537634;19474718;2608378419.18;2296;725204.06
2022-09-30;3;MasterCard;Débito;Premium;Puro;386752;236546;5517739;434040201.45;943;542652.29
2022-09-30;3;American Express;Crédito;Empresarial;Puro;23058;17278;553561;375679694.05;25046;42920146.24
2022-09-30;3;MasterCard;Crédito;Básico Nacional;Híbrido;3897164;1534530;18552760;1617019202.21;0;0.00
2022-09-30;3;VISA;Pré-Pago;Outros;Puro;25840760;7970941;120908969;5772973162.03;160368;33680987.16
2022-09-30;3;Outras;Débito;Outros;Puro;3377529;1789924;42909993;4062579835.49;0;0.00
2022-09-30;3;VISA;Débito;Outros;Puro;1109;145;11124;640756.84;0;0.00
2022-09-30;3;Elo;Crédito;Empresarial;Puro;511567;301681;6549615;1841700120.46;7906;4568700.56
2022-09-30;3;MasterCard;Débito;Empresarial;Co-branded;381968;264180;1957623;142581159.45;70;37509.42
2022-09-30;3;Bandeira própria;Crédito;Outros;Co-branded;6022405;1116113;4094016;521401300.04;0;0.00
2022-09-30;3;MasterCard;Débito;Platinum;Puro;745426;469334;16185679;1241221708.73;6242;2668109.47
2022-09-30;3;VISA;Crédito;Básico Nacional;Híbrido;7190594;3613784;31147861;3662375223.17;0;0.00
2022-09-30;3;VISA;Pré-Pago;Básico Nacional;Puro;9758843;2128007;26865189;2809216999.11;350;157037.01
2022-09-30;3;Elo;Crédito;Outros;Híbrido;5467;596;180733;34510483.00;0;0.00
2022-09-30;3;Elo;Débito;Outros;Puro;155292038;29200658;480094424;28051859932.17;0;0.00
2022-09-30;3;VISA;Crédito;Corporativo;Puro;560739;328719;5781972;2590573512.88;276514;279068387.09
2022-09-30;3;MasterCard;Débito;Outros;Puro;866058;278476;4037584;189724234.02;1100;451510.08
2022-09-30;3;Elo;Crédito;Intermediário;Puro;4010792;1303477;20918950;2427669771.65;5602;793537.68
2022-09-30;3;VISA;Pré-Pago;Corporativo;Puro;963284;102153;3975189;436510874.54;285175;91845472.80
2022-09-30;3;Bandeira própria;Crédito;Outros;Híbrido;673204;330089;3205714;527944416.90;0;0.00
2022-09-30;3;MasterCard;Crédito;Platinum;Co-branded;864710;683832;19130911;3376454245.63;213313;83350753.45
2022-09-30;3;VISA;Crédito;Intermediário;Puro;24016954;15538982;340154385;40009320565.67;1090845;256453642.57
2022-12-31;4;MasterCard;Crédito;Básico Internacional;Híbrido;3138426;1108657;10903729;1099345867.41;20515;3322814.63
2022-12-31;4;MasterCard;Crédito;Premium;Híbrido;3564;3109;339907;102944777.13;8898;6701883.80
2022-12-31;4;MasterCard;Débito;Premium;Co-branded;94958;70245;499321;38905667.08;192;90336.36
2022-12-31;4;Hipercard;Crédito;Empresarial;Puro;1;1;10183;6529535.87;1;0.01
2022-12-31;4;MasterCard;Crédito;Básico Nacional;Co-branded;12794198;756175;10016332;1350863222.18;295;255179.77
2022-12-31;4;Bandeira própria;Crédito;Outros;Co-branded;6180572;1161734;4417759;609144731.69;0;0.00
2022-12-31;4;MasterCard;Pré-Pago;Intermediário;Puro;43250035;25683813;1026214130;38854383148.41;1;0.01
2022-12-31;4;MasterCard;Pré-Pago;Básico Nacional;Puro;267291;150985;1311036;113685123.17;6239;544973.41
2022-12-31;4;VISA;Crédito;Intermediário;Híbrido;1126061;718067;17609483;2878583223.43;75293;22010810.20
2022-12-31;4;MasterCard;Débito;Básico Internacional;Puro;78315865;14684816;529904393;37374181429.03;53576;16280074.20
2022-12-31;4;MasterCard;Débito;Básico Internacional;Co-branded;5139420;3105102;17857394;761642634.29;318;74452.11
2022-12-31;4;Hipercard;Crédito;Platinum;Puro;1521664;1425579;27088917;4753837635.10;1;0.01
2022-12-31;4;American Express;Crédito;Platinum;Puro;574335;463321;16579446;4683761983.32;429329;428983824.84
2022-12-31;4;MasterCard;Débito;Premium;Puro;416815;256628;6325876;500496202.49;1001;543768.76
2022-12-31;4;Elo;Débito;Outros;Puro;157387535;26683389;514082118;30617142082.36;0;0.00
2022-12-31;4;American Express;Crédito;Premium;Co-branded;218;201;12811;13916127.90;901;3655586.74
2022-12-31;4;Elo;Crédito;Outros;Híbrido;8020;2616;7533;2140087.38;0;0.00
2022-12-31;4;MasterCard;Crédito;Outros;Co-branded;1071420;119;2062;346850.90;4;325.34
2022-12-31;4;MasterCard;Débito;Platinum;Co-branded;201889;148762;961279;63066739.36;54;30136.58
2022-12-31;4;Outras;Crédito;Outros;Puro;106669;85451;45314;14986928.13;0;0.00
2022-12-31;4;Elo;Crédito;Básico Nacional;Co-branded;321929;222548;1331248;254098025.37;0;0.00
2022-12-31;4;VISA;Crédito;Outros;Híbrido;4904056;462771;8611465;1180684318.06;11454;2473416.15
2022-12-31;4;Elo;Crédito;Básico Nacional;Puro;2543047;1692221;60014123;7082842148.04;44150;20423230.87
2022-12-31;4;MasterCard;Pré-Pago;Premium;Puro;168818;82738;2064691;137063893.62;0;0.00
2022-12-31;4;VISA;Crédito;Empresarial;Híbrido;44053;14054;159152;199725358.16;100;69444.69
2022-12-31;4;MasterCard;Pré-Pago;Empresarial;Puro;2282694;881260;27461077;1906353988.44;7800;1274130.45
2022-12-31;4;VISA;Crédito;Básico Nacional;Co-branded;6565557;640658;5563790;720612561.66;1162;119025.19
2022-12-31;4;VISA;Débito;Básico Nacional;Puro;13886573;7884716;223352428;14928208715.60;1715;250910.45
2022-12-31;4;MasterCard;Pré-Pago;Outros;Puro;19642013;2466336;35527882;1821550664.79;121131;26269472.21
2022-12-31;4;MasterCard;Crédito;Básico Nacional;Híbrido;3823149;1450574;18199486;1606694844.64;0;0.00
2022-12-31;4;MasterCard;Débito;Empresarial;Co-branded;393087;270746;1737329;127637975.05;41;38477.52
2022-12-31;4;MasterCard;Crédito;Empresarial;Híbrido;39142;35908;538406;144801218.40;6815;4109310.99
2022-12-31;4;Bandeira própria;Crédito;Outros;Puro;5017876;907788;6118109;811754859.35;0;0.00
2022-12-31;4;MasterCard;Crédito;Básico Nacional;Puro;7531234;3415461;45960417;4952047311.73;77985;2272036.01
2022-12-31;4;Elo;Débito;Básico Internacional;Puro;33087882;11996073;348182686;20527584287.01;0;0.00
2022-12-31;4;MasterCard;Crédito;Empresarial;Co-branded;385726;68005;327369;95368579.67;2602;1211252.03
2022-12-31;4;VISA;Crédito;Premium;Puro;4851096;3594410;191589569;38611091721.36;2990359;1770155451.08
2022-12-31;4;VISA;Débito;Básico Internacional;Híbrido;328256;28216;301523;15484410.90;0;0.00
2022-12-31;4;MasterCard;Pré-Pago;Básico Internacional;Puro;153289;107868;453028;33776978.50;1631;58703.94
2022-12-31;4;VISA;Débito;Intermediário;Puro;8816363;5234087;124668094;8148463255.17;1245;215920.03
2022-12-31;4;MasterCard;Crédito;Platinum;Puro;14913519;11507529;434460960;55782430182.89;3369750;867557549.57
2022-12-31;4;Elo;Crédito;Intermediário;Puro;4417447;1417276;23308561;2901284275.20;3645;567274.96
2022-12-31;4;American Express;Crédito;Empresarial;Puro;23135;17249;565959;381372345.40;27311;43640872.73
2022-12-31;4;MasterCard;Débito;Corporativo;Puro;278;151;108071;10655952.54;5;3493.22
2022-12-31;4;Elo;Débito;Outros;Híbrido;65775;55963;191693;30441458.99;0;0.00
2022-12-31;4;MasterCard;Crédito;Premium;Co-branded;280113;216166;7439138;2088270799.04;189208;119530456.93
2022-12-31;4;Bandeira própria;Pré-Pago;Outros;Puro;778565;708565;608155;931213095.57;0;0.00
2022-12-31;4;VISA;Crédito;Premium;Co-branded;94162;77629;5246548;1782303229.27;102481;68016934.77
2022-12-31;4;American Express;Crédito;Intermediário;Puro;435537;334595;9375744;1639374503.42;79258;41149499.12
2022-12-31;4;VISA;Crédito;Empresarial;Puro;2514369;1666332;46677691;12251237550.47;447490;391925224.54
2022-12-31;4;VISA;Débito;Premium;Puro;708720;385910;12567097;1307475849.87;334;90815.64
2022-12-31;4;VISA;Crédito;Básico Internacional;Híbrido;6088642;4068749;51803744;6546834229.42;112612;23443266.04
2022-12-31;4;Elo;Pré-Pago;Básico Nacional;Puro;4401914;9956;56504;2120802.80;0;0.00
2022-12-31;4;Hipercard;Crédito;Intermediário;Puro;411;20;86;9411.08;1;0.01
2022-12-31;4;MasterCard;Débito;Empresarial;Puro;1553318;404565;12824439;901018313.44;26;16986.04
2022-12-31;4;Outras;Crédito;Outros;Co-branded;14825;1;3;44.70;0;0.00
2022-12-31;4;VISA;Pré-Pago;Básico Internacional;Puro;21049727;8247898;91955370;4922124932.70;1229988;231623518.19
2022-12-31;4;American Express;Crédito;Corporativo;Puro;72604;54156;1183967;1006081434.90;97024;141684738.76
2022-12-31;4;Elo;Débito;Básico Nacional;Puro;11045300;5550208;102297561;7740375346.73;0;0.00
2022-12-31;4;VISA;Crédito;Corporativo;Puro;574726;334821;5713385;2650257236.79;311300;305126622.93
2022-12-31;4;VISA;Débito;Platinum;Puro;1929239;1157615;44779212;4198373081.99;652;125751.51
2022-12-31;4;VISA;Pré-Pago;Outros;Puro;27502758;8186257;131600855;6237689825.17;122923;23863031.80
2022-12-31;4;VISA;Crédito;Outros;Puro;7324068;2779511;37189165;3996953355.94;119571;66055328.01
2022-12-31;4;Elo;Crédito;Empresarial;Puro;516056;311457;6474656;1867319339.36;8075;5690186.61
2022-12-31;4;MasterCard;Débito;Platinum;Puro;759695;472629;16644891;1305895038.68;5636;2331856.50
2022-12-31;4;Bandeira própria;Débito;Outros;Puro;21080;6588;52449;6289700.20;0;0.00
2022-12-31;4;Bandeira própria;Crédito;Intermediário;Puro;115901;34534;2562964;744624319.01;0;0.00
2022-12-31;4;MasterCard;Crédito;Corporativo;Puro;173153;107495;4272351;2132335621.89;275201;279871921.92
2022-12-31;4;MasterCard;Crédito;Básico Internacional;Co-branded;12447779;3067290;25455025;2891891013.09;45933;9580585.30
2022-12-31;4;American Express;Crédito;Platinum;Co-branded;18193;14029;319022;63074244.23;7814;7000153.47
2022-12-31;4;MasterCard;Débito;Intermediário;Co-branded;13665021;13664818;134824189;4153441174.76;0;0.00
2022-12-31;4;VISA;Crédito;Platinum;Co-branded;854075;785668;41727082;6331726226.03;316655;118177252.94
2022-12-31;4;MasterCard;Débito;Básico Nacional;Puro;470295;346920;11046033;873913529.57;23;13274.56
2022-12-31;4;Bandeira própria;Crédito;Outros;Híbrido;668065;320897;3249809;556370241.17;0;0.00
2022-12-31;4;VISA;Crédito;Intermediário;Puro;24783420;15505796;345696456;41596021564.80;1058135;239708618.51
2022-12-31;4;MasterCard;Débito;Intermediário;Puro;65596063;37907136;865746786;50455842069.12;37872;8291004.70
2022-12-31;4;VISA;Crédito;Básico Nacional;Puro;10529838;7484420;189688442;17412885670.48;240395;42921326.11
2022-12-31;4;MasterCard;Pré-Pago;Corporativo;Puro;2712176;1295545;14916504;598101970.85;86164;3721026.41
2022-12-31;4;VISA;Débito;Básico Internacional;Co-branded;9447;2961;69648;6501428.45;0;0.00
2022-12-31;4;Elo;Pré-Pago;Outros;Puro;32320201;1702483;1538919;64421724.71;0;0.00
2022-12-31;4;VISA;Crédito;Empresarial;Co-branded;794;634;8802;6915701.14;55;10569.77
2022-12-31;4;MasterCard;Pré-Pago;Platinum;Puro;5798701;3073796;89947799;4448149886.22;0;0.00
2022-12-31;4;MasterCard;Crédito;Intermediário;Co-branded;25129227;13581773;131321995;16645772550.67;219140;43192129.37
2022-12-31;4;Elo;Crédito;Básico Internacional;Co-branded;1076367;526173;3035696;356524135.99;3919;790263.54
2022-12-31;4;MasterCard;Crédito;Empresarial;Puro;4854032;2472349;37372402;11285161907.76;531193;358948952.23
2022-12-31;4;VISA;Crédito;Platinum;Híbrido;329778;189395;9720723;1882662664.05;84989;37245220.96
2022-12-31;4;Elo;Pré-Pago;Básico Internacional;Puro;4329496;2758199;18651037;1185354817.79;1541;365339.22
2022-12-31;4;Elo;Crédito;Outros;Puro;5170353;2689927;53870757;7581600297.28;79504;44279235.40
2022-12-31;4;MasterCard;Crédito;Intermediário;Puro;78388049;49334346;1118420801;102183115840.90;5006205;681568921.23
2022-12-31;4;MasterCard;Crédito;Platinum;Co-branded;866398;667308;19153864;3398099540.33;198629;77868767.15
2022-12-31;4;VISA;Pré-Pago;Empresarial;Puro;4846;2188;41991;5591642.90;0;0.00
2022-12-31;4;VISA;Crédito;Básico Nacional;Híbrido;6908210;3492026;31578494;3739372686.54;0;0.00
2022-12-31;4;VISA;Crédito;Básico Internacional;Puro;19583819;9881462;203628529;21802312117.28;600222;126490554.62
2022-12-31;4;VISA;Crédito;Intermediário;Co-branded;5425206;4760518;75238224;7913734528.71;181589;34619253.49
2022-12-31;4;MasterCard;Pré-Pago;Outros;Co-branded;20224;13457;12565;457058.95;390;21860.26
2022-12-31;4;VISA;Débito;Básico Internacional;Puro;172726349;42286828;1066547652;71388392575.79;21699;4460274.76
2022-12-31;4;MasterCard;Crédito;Platinum;Híbrido;168426;93670;3804267;754982500.93;27218;11788289.02
2022-12-31;4;Elo;Crédito;Premium;Puro;4;1;12;3721.10;0;0.00
2022-12-31;4;Outras;Débito;Outros;Puro;3354547;1775183;47016387;4524167069.65;0;0.00
2022-12-31;4;VISA;Pré-Pago;Básico Nacional;Puro;12101551;2927448;45843527;3306680156.24;1234;409942.47
2022-12-31;4;Elo;Crédito;Básico Internacional;Puro;3449734;2144093;47750909;8997702270.58;67441;34410028.56
2022-12-31;4;MasterCard;Crédito;Premium;Puro;3927769;3272025;232132194;47110638332.55;4660819;2577168663.04
2022-12-31;4;Elo;Pré-Pago;Intermediário;Puro;10713590;214957;795191;36932018.52;0;0.00
2022-12-31;4;VISA;Débito;Outros;Puro;1346;159;11407;632612.44;0;0.00
2022-12-31;4;MasterCard;Crédito;Intermediário;Híbrido;4549572;4233191;72853837;11719197500.09;34802;7916816.42
2022-12-31;4;VISA;Débito;Empresarial;Puro;1312146;534592;19714741;2618721120.64;2561;656622.51
2022-12-31;4;MasterCard;Débito;Outros;Puro;958396;277238;4487459;220738594.56;1093;386932.17
2022-12-31;4;MasterCard;Crédito;Básico Internacional;Puro;65859969;20343761;229869594;22601217329.38;627850;151169926.85
2022-12-31;4;Elo;Crédito;Corporativo;Puro;23541;10559;80041;114420341.13;409;504499.93
2022-12-31;4;MasterCard;Crédito;Outros;Híbrido;20163590;5831540;81744850;9583794068.26;90191;14641889.00
2022-12-31;4;VISA;Crédito;Básico Internacional;Co-branded;11106385;4244900;31612818;3459971598.50;42396;6069824.77
2022-12-31;4;Elo;Débito;Empresarial;Puro;1059146;377031;8673219;1278590451.22;0;0.00
2022-12-31;4;MasterCard;Crédito;Outros;Puro;441326;181489;7456297;586441796.00;7290;2328944.99
2022-12-31;4;VISA;Pré-Pago;Corporativo;Puro;1045698;105893;3798868;424663799.18;333159;103635791.02
2022-12-31;4;VISA;Crédito;Platinum;Puro;8924965;6724800;272966012;42274010697.07;2139918;801784256.15
2022-12-31;4;American Express;Crédito;Intermediário;Co-branded;13345;11697;250275;33586359.12;1584;648490.65
2022-12-31;4;VISA;Crédito;Premium;Híbrido;11091;9620;1538829;444306384.16;39680;27444369.20
2023-03-31;1;MasterCard;Crédito;Corporativo;Puro;176873;111215;4252230;2171175795.33;239077;256645002.15
2023-03-31;1;American Express;Crédito;Intermediário;Puro;419069;322690;8843928;1581903377.09;74312;40844737.08
2023-03-31;1;MasterCard;Crédito;Outros;Híbrido;21061012;5274177;79459059;9193275841.81;92563;15108460.51
2023-03-31;1;MasterCard;Pré-Pago;Básico Internacional;Puro;220351;137812;756318;50663149.54;1243;134791.17
2023-03-31;1;VISA;Crédito;Básico Internacional;Puro;20007907;9756210;190933483;20574933450.20;577995;121509501.66
2023-03-31;1;VISA;Débito;Platinum;Puro;1913872;1165126;43466310;3911370021.22;927;169475.92
2023-03-31;1;Elo;Pré-Pago;Básico Nacional;Puro;4403087;7475;39032;1402680.71;0;0.00
2023-03-31;1;VISA;Crédito;Premium;Híbrido;12337;10070;1448874;418161895.72;41125;28324754.83
2023-03-31;1;VISA;Crédito;Intermediário;Híbrido;1174652;686694;16288048;2644754921.79;70893;19653091.39
2023-03-31;1;Elo;Débito;Básico Nacional;Puro;170579287;31778873;613083302;36689829614.04;0;0.00
2023-03-31;1;Bandeira própria;Crédito;Intermediário;Puro;120007;34582;2515721;706837041.90;0;0.00
2023-03-31;1;MasterCard;Crédito;Básico Nacional;Puro;7565268;3287546;42288733;4564749185.84;71781;2068128.11
2023-03-31;1;Hipercard;Crédito;Intermediário;Puro;403;18;110;8767.99;1;0.01
2023-03-31;1;Elo;Débito;Empresarial;Puro;1119875;386026;8635035;1206127755.89;0;0.00
2023-03-31;1;VISA;Crédito;Básico Internacional;Híbrido;6240616;3701769;47688676;6255092325.37;108127;21486676.38
2023-03-31;1;MasterCard;Débito;Outros;Puro;772250;257001;4210948;200069387.23;1114;479701.52
2023-03-31;1;MasterCard;Débito;Platinum;Co-branded;202114;148587;743607;47057091.09;32;9886.02
2023-03-31;1;Elo;Crédito;Corporativo;Puro;23111;10040;83304;97521005.82;457;683985.41
2023-03-31;1;MasterCard;Pré-Pago;Outros;Puro;19509991;2055929;14780947;775027337.59;85966;16031204.96
2023-03-31;1;MasterCard;Pré-Pago;Outros;Co-branded;21484;13907;10817;357728.00;261;9772.00
2023-03-31;1;Elo;Crédito;Premium;Puro;191405;131661;6235708;1255453012.83;18532;10863205.65
2023-03-31;1;American Express;Crédito;Corporativo;Puro;68432;49995;1165487;1023587778.22;83905;134122134.34
2023-03-31;1;MasterCard;Pré-Pago;Premium;Puro;193063;94851;2451507;153629772.32;0;0.00
2023-03-31;1;VISA;Crédito;Básico Internacional;Co-branded;11353315;4116566;29701993;3156466949.11;36321;4934958.72
2023-03-31;1;MasterCard;Crédito;Outros;Puro;527719;225589;8822665;632143296.37;6520;1372160.58
2023-03-31;1;American Express;Crédito;Platinum;Co-branded;23836;19556;491796;86639266.14;8801;7186333.16
2023-03-31;1;Bandeira própria;Débito;Outros;Puro;17842;2791;18978;3032200.75;0;0.00
2023-03-31;1;VISA;Crédito;Empresarial;Híbrido;43273;13490;143412;181592579.86;133;73051.59
2023-03-31;1;MasterCard;Crédito;Intermediário;Puro;81159719;49518216;1094524969;97118534377.78;5097523;678481890.96
2023-03-31;1;VISA;Crédito;Básico Nacional;Co-branded;6293599;450897;4015401;519544393.78;951;90390.89
2023-03-31;1;VISA;Crédito;Intermediário;Co-branded;5558459;4838347;70477612;7345351604.11;176369;33022767.81
2023-03-31;1;VISA;Débito;Premium;Puro;739765;404801;12940268;1269264800.22;693;125165.80
2023-03-31;1;VISA;Crédito;Empresarial;Puro;2540114;1627932;45628554;12249314600.34;427658;433391048.87
2023-03-31;1;American Express;Crédito;Empresarial;Puro;26598;18382;529885;356075147.53;25707;44451624.54
2023-03-31;1;MasterCard;Crédito;Empresarial;Híbrido;39389;31059;451727;123093502.26;5731;3585554.83
2023-03-31;1;MasterCard;Crédito;Básico Internacional;Puro;68807955;20057697;213751534;21072313945.18;615535;150660381.90
2023-03-31;1;Elo;Crédito;Básico Internacional;Co-branded;910395;368992;1823631;179606802.36;4056;277249.46
2023-03-31;1;VISA;Débito;Básico Nacional;Puro;13681962;7923130;213432302;13829925352.27;2786;322586.67
2023-03-31;1;MasterCard;Débito;Intermediário;Co-branded;14710398;14649886;129269479;3749507337.45;61;10163.88
2023-03-31;1;VISA;Crédito;Básico Nacional;Puro;11447993;7481267;186901779;17173039153.44;248875;42862032.66
2023-03-31;1;MasterCard;Débito;Premium;Co-branded;95783;70710;414625;30593851.47;112;53130.28
2023-03-31;1;VISA;Crédito;Platinum;Co-branded;756885;704797;30868023;4558840666.39;279021;106144872.72
2023-03-31;1;MasterCard;Débito;Básico Nacional;Puro;461638;338722;10388314;799900242.80;20;5169.92
2023-03-31;1;Elo;Crédito;Platinum;Puro;158984;83916;2895827;457166237.21;3868;1064457.88
2023-03-31;1;MasterCard;Débito;Básico Internacional;Co-branded;5209802;3134570;14492900;598538195.71;287;56516.19
2023-03-31;1;Bandeira própria;Crédito;Outros;Co-branded;6135512;1168963;4269713;560452848.71;0;0.00
2023-03-31;1;Elo;Pré-Pago;Intermediário;Puro;12003987;171149;918175;39883206.07;0;0.00
2023-03-31;1;VISA;Débito;Outros;Puro;1916;182;12511;652725.51;0;0.00
2023-03-31;1;VISA;Débito;Básico Internacional;Puro;147511132;41915441;968636775;62934338210.45;25686;5338639.19
2023-03-31;1;MasterCard;Crédito;Premium;Híbrido;3834;3173;325413;96844021.37;9266;7652802.99
2023-03-31;1;MasterCard;Pré-Pago;Empresarial;Puro;2721209;964317;28591245;1898412222.47;7897;1533988.47
2023-03-31;1;VISA;Pré-Pago;Empresarial;Puro;6012;2504;43976;5733548.80;0;0.00
2023-03-31;1;VISA;Débito;Básico Internacional;Co-branded;8293;2955;69103;6300723.97;0;0.00
2023-03-31;1;Elo;Crédito;Básico Internacional;Puro;4328074;2357618;50951523;9172261435.06;63410;35197285.22
2023-03-31;1;MasterCard;Débito;Corporativo;Puro;258;163;93750;9125281.50;8;1696.84
2023-03-31;1;Outras;Crédito;Outros;Puro;101014;83496;40773;14185080.48;2;3747.48
2023-03-31;1;MasterCard;Crédito;Empresarial;Puro;5239042;2592319;38404662;11535810481.09;567497;372212967.92
2023-03-31;1;MasterCard;Débito;Platinum;Puro;781279;477461;15746497;1180653921.80;5218;2364024.67
2023-03-31;1;MasterCard;Crédito;Platinum;Puro;15512551;11680656;416121914;52446316007.13;3249922;841499541.75
2023-03-31;1;VISA;Crédito;Outros;Puro;8126158;3173320;49261309;4058172546.12;165494;99437997.07
2023-03-31;1;MasterCard;Pré-Pago;Básico Nacional;Puro;2059821;237493;1585686;86386065.08;10090;1752667.35
2023-03-31;1;Bandeira própria;Crédito;Outros;Puro;4453254;500649;5674362;712559564.81;0;0.00
2023-03-31;1;American Express;Crédito;Platinum;Puro;570333;467294;16417658;4547895433.14;441766;480350899.03
2023-03-31;1;MasterCard;Crédito;Platinum;Híbrido;197093;117062;3978507;768149708.74;30268;13381388.53
2023-03-31;1;VISA;Pré-Pago;Corporativo;Puro;1163212;115701;3967951;447392651.41;363082;110299575.34
2023-03-31;1;Outras;Débito;Outros;Puro;3406135;1743385;41928992;3925126074.23;0;0.00
2023-03-31;1;VISA;Pré-Pago;Outros;Puro;29384558;8633702;124097009;5580472740.21;121502;19485039.56
2023-03-31;1;MasterCard;Crédito;Intermediário;Co-branded;25107866;13113826;117491976;14798482672.27;210522;42306719.50
2023-03-31;1;MasterCard;Débito;Empresarial;Puro;1622604;409888;12394597;839694621.84;14;8907.62
2023-03-31;1;MasterCard;Débito;Básico Internacional;Puro;42699125;14240315;491658813;33488609426.07;51307;15068128.78
2023-03-31;1;MasterCard;Crédito;Platinum;Co-branded;924470;687193;18374705;3201846007.24;204217;82700173.95
2023-03-31;1;VISA;Crédito;Platinum;Híbrido;348439;190336;9202554;1755247809.13;87147;36020503.56
2023-03-31;1;Elo;Crédito;Básico Nacional;Co-branded;433233;288197;2052903;332801580.59;0;0.00
2023-03-31;1;VISA;Pré-Pago;Básico Nacional;Puro;13797268;3466010;54762669;3325812015.45;1569;1078100.24
2023-03-31;1;MasterCard;Crédito;Intermediário;Híbrido;4555260;4215697;68087929;10884958226.26;36739;7443811.45
2023-03-31;1;Elo;Crédito;Outros;Híbrido;26853;2659;5159;1822012.00;0;0.00
2023-03-31;1;Elo;Pré-Pago;Outros;Puro;33936593;1715001;1079696;46551138.57;0;0.00
2023-03-31;1;VISA;Crédito;Básico Nacional;Híbrido;6740178;3266556;27679749;3406397902.79;0;0.00
2023-03-31;1;MasterCard;Pré-Pago;Intermediário;Puro;46261543;26604871;1010684818;36469312550.19;1;0.01
2023-03-31;1;MasterCard;Débito;Premium;Puro;450997;280682;6608747;492602463.88;1235;562877.28
2023-03-31;1;American Express;Crédito;Premium;Co-branded;274;247;12932;14985733.22;1336;5500261.66
2023-03-31;1;Elo;Crédito;Outros;Puro;453027;312229;13509359;2740565179.26;45537;31039849.99
2023-03-31;1;VISA;Débito;Básico Internacional;Híbrido;353913;34903;310922;14831086.90;0;0.00
2023-03-31;1;VISA;Pré-Pago;Básico Internacional;Puro;21678999;8173800;91046654;4630602357.34;1373778;250212856.83
2023-03-31;1;VISA;Débito;Empresarial;Puro;1318273;529810;18489468;2371694507.52;2743;660877.50
2023-03-31;1;Elo;Crédito;Empresarial;Puro;521515;312278;6710143;1932384873.04;8855;7721703.19
2023-03-31;1;Hipercard;Crédito;Platinum;Puro;1397499;1308215;22846812;4032564397.95;1;0.01
2023-03-31;1;MasterCard;Crédito;Básico Nacional;Co-branded;12447821;535088;5561177;747146588.98;252;256704.16
2023-03-31;1;MasterCard;Crédito;Básico Internacional;Co-branded;12586009;2743823;22936801;2611048153.27;35617;6623710.55
2023-03-31;1;Bandeira própria;Pré-Pago;Outros;Puro;708552;708552;441350;725058829.45;0;0.00
2023-03-31;1;VISA;Crédito;Intermediário;Puro;23670281;14343790;319700930;38266845979.46;1003597;233534868.94
2023-03-31;1;MasterCard;Crédito;Empresarial;Co-branded;387633;57706;246350;65663271.88;2083;872959.51
2023-03-31;1;VISA;Crédito;Premium;Puro;5471522;3970720;204245608;39666594505.49;3268323;1996604989.86
2023-03-31;1;VISA;Crédito;Corporativo;Puro;585757;340098;5291200;2138797090.52;254309;266332675.41
2023-03-31;1;VISA;Crédito;Platinum;Puro;8967286;6713325;263769882;40330994955.49;2078662;805398514.16
2023-03-31;1;Hipercard;Crédito;Empresarial;Puro;9;2;3503;2081977.99;1;0.01
2023-03-31;1;VISA;Crédito;Premium;Co-branded;146168;118438;7723619;2356171201.75;155190;104327318.22
2023-03-31;1;VISA;Crédito;Outros;Híbrido;4958039;420254;7831245;1068055077.75;11333;2490522.65
2023-03-31;1;Elo;Débito;Outros;Híbrido;81868;67226;248676;34859051.00;0;0.00
2023-03-31;1;MasterCard;Crédito;Premium;Co-branded;299663;226152;7122237;2021668910.52;199799;133495484.50
2023-03-31;1;MasterCard;Crédito;Básico Nacional;Híbrido;3756969;1382978;15785007;1428003449.22;0;0.00
2023-03-31;1;MasterCard;Crédito;Básico Internacional;Híbrido;3036002;1056262;10080603;1002129891.51;19383;3222012.08
2023-03-31;1;MasterCard;Crédito;Outros;Co-branded;1071432;192;3461;654106.31;263;105067.52
2023-03-31;1;Elo;Débito;Básico Internacional;Puro;33555339;11109331;306697350;17441848077.05;0;0.00
2023-03-31;1;VISA;Débito;Intermediário;Puro;8962298;5204935;116945000;7398657581.87;1567;241902.52
2023-03-31;1;Bandeira própria;Crédito;Outros;Híbrido;664101;314719;2969240;506193726.60;0;0.00
2023-03-31;1;Elo;Crédito;Intermediário;Puro;7641123;2399175;39824248;4654701656.31;14456;3051831.67
2023-03-31;1;MasterCard;Débito;Intermediário;Puro;65531485;38665485;802929986;44607219774.74;35203;7880740.96
2023-03-31;1;American Express;Crédito;Intermediário;Co-branded;14480;12852;263429;36081233.33;2112;621631.86
2023-03-31;1;Elo;Pré-Pago;Básico Internacional;Puro;15208977;3977217;22892472;938116790.62;2571;372504.20
2023-03-31;1;MasterCard;Débito;Empresarial;Co-branded;392376;268654;1379411;97627106.76;23;23152.69
2023-03-31;1;MasterCard;Pré-Pago;Platinum;Puro;6147142;3115249;87490891;4150543309.16;0;0.00
2023-03-31;1;MasterCard;Crédito;Premium;Puro;4354371;3589789;246402517;48185961392.26;5115420;2948394848.57
2023-03-31;1;VISA;Crédito;Empresarial;Co-branded;725;585;8292;7097754.87;40;17578.61
2023-03-31;1;Elo;Crédito;Básico Nacional;Puro;3117085;1984941;65747581;7587248740.53;45502;21357926.78
2023-03-31;1;MasterCard;Pré-Pago;Corporativo;Puro;3839272;2016665;29565846;1493510145.96;114827;8006008.45
2023-06-30;2;Elo;Crédito;Outros;Puro;301696;257246;13960501;2759693489.24;44332;26545867.62
2023-06-30;2;MasterCard;Débito;Básico Internacional;Puro;31624574;10529127;435248816;28885931069.99;52426;13981688.39
2023-06-30;2;VISA;Pré-Pago;Outros;Puro;20036717;4427963;79117162;3862869107.55;67577;9743208.43
2023-06-30;2;Bandeira própria;Débito;Outros;Puro;24722;10603;13819;2407071.76;0;0.00
2023-06-30;2;MasterCard;Débito;Premium;Co-branded;95752;70614;375656;27620914.59;127;78086.36
2023-06-30;2;Elo;Pré-Pago;Básico Nacional;Puro;4513867;6112;31033;1100843.27;15;334.44
2023-06-30;2;MasterCard;Crédito;Outros;Puro;1033176;501892;12789461;817492922.98;3681;761820.05
2023-06-30;2;MasterCard;Crédito;Empresarial;Puro;5741554;2726933;43259973;12934116117.63;680292;437935709.69
2023-06-30;2;VISA;Crédito;Básico Internacional;Híbrido;9040744;3987112;56854156;7266532334.68;126435;25297627.86
2023-06-30;2;VISA;Crédito;Platinum;Puro;8812227;6287206;271600839;40211830950.12;2184840;803951894.39
2023-06-30;2;MasterCard;Débito;Platinum;Co-branded;201493;147897;641629;39755445.02;20;3959.05
2023-06-30;2;VISA;Débito;Básico Nacional;Puro;84468354;26068815;570438795;36004680781.96;3997;403738.12
2023-06-30;2;MasterCard;Débito;Intermediário;Co-branded;16449576;16126711;140153389;4024144995.00;24;2735.95
2023-06-30;2;MasterCard;Débito;Básico Nacional;Co-branded;116;56;57;1105.19;0;0.00
2023-06-30;2;MasterCard;Crédito;Básico Nacional;Co-branded;12062656;318493;4456370;591495899.86;417;205871.42
2023-06-30;2;MasterCard;Crédito;Premium;Co-branded;310871;237811;8372490;2379441375.39;232655;141338891.58
2023-06-30;2;MasterCard;Crédito;Platinum;Co-branded;965999;711190;20680781;3527810323.80;228429;84704638.75
2023-06-30;2;VISA;Crédito;Platinum;Co-branded;678392;634461;24547006;3654259108.76;245558;87862431.81
2023-06-30;2;Elo;Pré-Pago;Premium;Puro;4453;0;1045;67780.13;0;0.00
2023-06-30;2;MasterCard;Pré-Pago;Intermediário;Puro;49333996;27797721;1096163399;38787286313.64;1;0.01
2023-06-30;2;MasterCard;Débito;Premium;Puro;459821;286083;6922417;502475774.58;1063;476349.94
2023-06-30;2;VISA;Crédito;Outros;Puro;1788175;933140;8010154;1318978076.00;96050;91935312.09
2023-06-30;2;MasterCard;Pré-Pago;Premium;Puro;252494;116808;3096776;193724865.19;0;0.00
2023-06-30;2;MasterCard;Crédito;Corporativo;Puro;183396;93749;5027590;2419055215.20;301857;300577802.83
2023-06-30;2;MasterCard;Crédito;Básico Internacional;Puro;71650860;19550886;226761461;21405845268.60;570432;89550641.55
2023-06-30;2;Outras;Crédito;Básico Internacional;Puro;97834;81501;38129;14120840.05;5;1246.96
2023-06-30;2;American Express;Crédito;Platinum;Puro;5;5;15;505.11;0;0.00
2023-06-30;2;Elo;Crédito;Outros;Híbrido;27003;2683;6397;1550025.00;0;0.00
2023-06-30;2;MasterCard;Pré-Pago;Empresarial;Puro;2993156;760891;31255282;1994111530.53;12004;4034443.50
2023-06-30;2;MasterCard;Débito;Platinum;Puro;824139;473717;15604507;1144098367.63;4835;2445985.97
2023-06-30;2;VISA;Crédito;Intermediário;Puro;23097134;12740221;325639685;38354833997.34;1018796;232583200.09
2023-06-30;2;MasterCard;Crédito;Platinum;Híbrido;226165;143741;4449076;850044725.31;32819;11954608.84
2023-06-30;2;American Express;Crédito;Premium;Puro;557068;460497;16934077;4537596829.22;404603;406981531.68
2023-06-30;2;Hipercard;Crédito;Intermediário;Puro;402;17;96;11612.96;1;0.01
2023-06-30;2;VISA;Débito;Básico Internacional;Puro;78697438;21846955;589913261;38885001628.57;23938;4956276.28
2023-06-30;2;VISA;Débito;Básico Internacional;Híbrido;376412;36538;339870;15619864.95;0;0.00
2023-06-30;2;MasterCard;Crédito;Básico Nacional;Puro;7090404;2694579;42756029;4650423041.18;66951;1902631.04
2023-06-30;2;MasterCard;Crédito;Platinum;Puro;16628442;11948572;444358369;54878539433.08;3436729;843669155.96
2023-06-30;2;VISA;Débito;Básico Internacional;Co-branded;8137;2910;65069;5921683.73;0;0.00
2023-06-30;2;American Express;Crédito;Corporativo;Puro;67588;49420;1279487;1057030245.19;98484;143022128.21
2023-06-30;2;Bandeira própria;Crédito;Básico Nacional;Co-branded;5837706;1110955;3815049;462254709.16;0;0.00
2023-06-30;2;Elo;Débito;Básico Nacional;Puro;205105649;42855475;929543855;54045566551.22;0;0.00
2023-06-30;2;American Express;Crédito;Básico Nacional;Puro;41621;33638;760321;104122656.78;3434;1329878.79
2023-06-30;2;MasterCard;Crédito;Outros;Co-branded;1093531;14474;14947;440729.66;550;31944.91
2023-06-30;2;MasterCard;Crédito;Básico Internacional;Híbrido;17979363;6691219;77069902;8185200670.83;84214;12626190.17
2023-06-30;2;Hipercard;Crédito;Platinum;Puro;1243340;1164504;21704950;3748151347.60;1;0.01
2023-06-30;2;VISA;Crédito;Básico Internacional;Co-branded;11606299;4010092;30027129;3167773811.84;37947;5232725.91
2023-06-30;2;Elo;Crédito;Básico Internacional;Co-branded;870718;315604;1779405;173422465.32;986;216413.27
2023-06-30;2;VISA;Crédito;Intermediário;Híbrido;1186040;696991;17540442;2824598100.18;78335;21339115.68
2023-06-30;2;VISA;Crédito;Premium;Co-branded;199472;164140;12604019;3424962802.01;242923;143594508.59
2023-06-30;2;Elo;Débito;Básico Internacional;Puro;98280;81281;889020;46126577.67;0;0.00
2023-06-30;2;Elo;Débito;Empresarial;Puro;1113512;391947;8893914;1205386741.05;0;0.00
2023-06-30;2;MasterCard;Crédito;Intermediário;Co-branded;17624453;9513550;120855415;15010865923.89;219658;43395719.22
2023-06-30;2;Bandeira própria;Crédito;Outros;Puro;4614822;954097;6853940;789420180.69;0;0.00
2023-06-30;2;VISA;Crédito;Básico Nacional;Co-branded;6143701;428447;4198366;530791554.31;1039;103562.63
2023-06-30;2;VISA;Débito;Premium;Puro;769712;424322;13696449;1303434441.39;657;121076.68
2023-06-30;2;MasterCard;Débito;Empresarial;Puro;1724889;421966;13439304;892490648.42;20;6823.93
2023-06-30;2;VISA;Pré-Pago;Básico Nacional;Puro;14399570;3761927;62845574;3545993728.30;553;89153.12
2023-06-30;2;VISA;Pré-Pago;Corporativo;Puro;809572;105933;4049559;453078997.74;398557;117486777.07
2023-06-30;2;VISA;Débito;Empresarial;Puro;1447231;589905;19735442;2439049675.45;2763;649510.46
2023-06-30;2;Hipercard;Crédito;Empresarial;Puro;7;1;8;27571.45;1;0.01
2023-06-30;2;VISA;Crédito;Intermediário;Co-branded;5985998;5129631;74648454;7734629518.49;177223;31185698.39
2023-06-30;2;Elo;Crédito;Empresarial;Puro;555168;331634;7710980;2463715520.46;11634;7700637.83
2023-06-30;2;American Express;Crédito;Intermediário;Puro;359376;276781;8204234;1421788132.74;69103;37918602.45
2023-06-30;2;MasterCard;Pré-Pago;Corporativo;Puro;2324022;1224273;30309574;1487066282.47;89612;1739157.10
2023-06-30;2;Bandeira própria;Crédito;Básico Nacional;Híbrido;663972;309855;3158480;541257440.34;0;0.00
2023-06-30;2;Elo;Débito;Outros;Híbrido;105518;80819;361798;42260272.00;0;0.00
2023-06-30;2;Elo;Crédito;Intermediário;Co-branded;823;453;666;31294.80;0;0.00
2023-06-30;2;Elo;Crédito;Básico Internacional;Puro;3916385;2237387;52084805;9068173632.80;66122;32040047.17
2023-06-30;2;MasterCard;Crédito;Corporativo;Híbrido;2585046;512224;8577296;457221648.04;18217;2408983.68
2023-06-30;2;VISA;Crédito;Premium;Puro;6090039;4116479;234608892;43952410346.52;3712075;2057019806.50
2023-06-30;2;VISA;Crédito;Básico Internacional;Puro;26335453;11287181;231399420;23811747944.50;719589;134243851.33
2023-06-30;2;VISA;Crédito;Corporativo;Puro;598732;344567;6503240;2739727368.89;333860;318640935.26
2023-06-30;2;MasterCard;Débito;Outros;Puro;558009;243085;4413215;209200588.05;1097;321687.43
2023-06-30;2;VISA;Crédito;Empresarial;Híbrido;41079;12653;129105;171462958.98;150;83196.24
2023-06-30;2;MasterCard;Pré-Pago;Platinum;Puro;6535076;3171182;92374564;4286878809.75;0;0.00
2023-06-30;2;VISA;Pré-Pago;Empresarial;Puro;810636;286390;3220982;57465374.21;531;66427.25
2023-06-30;2;VISA;Crédito;Básico Nacional;Híbrido;7286393;3259810;28479451;3423380350.33;26;9079.28
2023-06-30;2;Elo;Crédito;Corporativo;Puro;22925;9621;94104;105979859.46;670;458862.53
2023-06-30;2;MasterCard;Pré-Pago;Outros;Puro;11188656;789409;9077662;433114247.12;63635;10555112.08
2023-06-30;2;Elo;Pré-Pago;Intermediário;Puro;13553667;212438;1136631;48856372.65;0;0.00
2023-06-30;2;American Express;Crédito;Platinum;Co-branded;16066;14109;277192;39045378.39;2770;512601.40
2023-06-30;2;Bandeira própria;Crédito;Outros;Co-branded;475651;71022;489053;109067053.08;0;0.00
2023-06-30;2;Elo;Crédito;Platinum;Puro;163571;85227;3130265;473406392.10;4826;1169363.35
2023-06-30;2;VISA;Crédito;Platinum;Híbrido;376556;210817;9838357;1851091741.82;91038;37351068.34
2023-06-30;2;MasterCard;Débito;Básico Internacional;Co-branded;5243811;3149172;12627166;509631076.27;187;22701.71
2023-06-30;2;Bandeira própria;Crédito;Intermediário;Puro;122724;32668;2272862;615555038.77;0;0.00
2023-06-30;2;MasterCard;Crédito;Premium;Híbrido;4131;3397;345444;104535742.15;8764;5843786.06
2023-06-30;2;Bandeira própria;Pré-Pago;Outros;Puro;721857;721857;513929;843007607.92;0;0.00
2023-06-30;2;Elo;Pré-Pago;Básico Internacional;Puro;39896546;4690925;16304022;761834908.81;2536;648668.55
2023-06-30;2;Elo;Crédito;Intermediário;Puro;8354297;2655616;46887874;5344847424.65;17616;2197108.56
2023-06-30;2;Elo;Crédito;Básico Nacional;Puro;3112384;1962787;70349577;7944930362.67;49735;19573024.65
2023-06-30;2;VISA;Débito;Outros;Puro;2320;310;16172;752489.60;0;0.00
2023-06-30;2;VISA;Débito;Platinum;Puro;2050798;1218747;46998887;4065711157.90;922;188115.47
2023-06-30;2;VISA;Crédito;Empresarial;Co-branded;625;530;7672;5642740.88;56;11730.52
2023-06-30;2;Elo;Crédito;Premium;Puro;207470;140660;7032403;1388621334.94;20448;10068719.58
2023-06-30;2;American Express;Crédito;Premium;Co-branded;27982;23922;523304;107972199.07;13422;10949582.16
2023-06-30;2;VISA;Crédito;Básico Nacional;Puro;11770068;7461574;197460544;18293339922.06;273491;45906974.99
2023-06-30;2;MasterCard;Pré-Pago;Básico Nacional;Puro;2272285;218323;1722139;85538455.81;15217;1486491.80
2023-06-30;2;MasterCard;Débito;Intermediário;Puro;64457787;39446031;834835741;45127395463.17;36564;7439622.28
2023-06-30;2;MasterCard;Crédito;Empresarial;Co-branded;320023;51062;216765;53365405.12;1709;743570.15
2023-06-30;2;Outras;Débito;Outros;Puro;3281400;1591669;40431369;3889762004.51;0;0.00
2023-06-30;2;American Express;Crédito;Empresarial;Puro;27197;19292;599789;403768607.59;28925;43431792.86
2023-06-30;2;Elo;Crédito;Básico Nacional;Co-branded;543407;353648;2487321;402831483.08;0;0.00
2023-06-30;2;MasterCard;Crédito;Básico Internacional;Co-branded;11744672;2498482;22761910;2577443023.50;37368;6833861.37
2023-06-30;2;MasterCard;Débito;Empresarial;Co-branded;9925;6398;1180531;82360541.36;17;21177.75
2023-06-30;2;VISA;Débito;Intermediário;Puro;11760649;6130344;165764109;9270150272.22;1593;285321.03
2023-06-30;2;VISA;Débito;Outros;Híbrido;7;5;11;135.28;0;0.00
2023-06-30;2;VISA;Crédito;Empresarial;Puro;3008680;1703526;43848125;12669505857.92;470590;396948331.28
2023-06-30;2;MasterCard;Crédito;Básico Nacional;Híbrido;10165400;2021183;35342442;4039149684.35;18054;3596083.65
2023-06-30;2;MasterCard;Crédito;Empresarial;Híbrido;40020;29031;441994;121248789.43;5599;2694547.60
2023-06-30;2;Outras;Débito;Básico Internacional;Puro;183169;141078;552443;42904572.01;0;0.00
2023-06-30;2;MasterCard;Débito;Básico Nacional;Puro;9474034;3352785;76682523;5459518006.73;44;13061.04
2023-06-30;2;MasterCard;Crédito;Premium;Puro;4836618;3596464;283974187;54502693825.57;5804703;3179984618.48
2023-06-30;2;MasterCard;Crédito;Intermediário;Híbrido;4654120;4286921;72363797;11490344295.07;42500;8161060.89
2023-06-30;2;VISA;Crédito;Premium;Híbrido;13332;10927;1504679;425723103.74;40592;28004318.47
2023-06-30;2;VISA;Pré-Pago;Básico Internacional;Puro;32232158;11664389;142465918;6355933334.71;1422014;257934437.89
2023-06-30;2;MasterCard;Pré-Pago;Básico Internacional;Puro;7101585;691199;3654525;209037200.60;3837;760467.01
2023-06-30;2;MasterCard;Débito;Corporativo;Puro;218;90;87851;8645588.56;7;4951.69
2023-06-30;2;MasterCard;Crédito;Intermediário;Puro;83599308;48333014;1148394945;100823845522.91;5438738;696538126.02
2023-09-30;3;VISA;Débito;Outros;Híbrido;39;15;107;2522.74;0;0.00
2023-09-30;3;MasterCard;Crédito;Premium;Co-branded;376178;284813;11434713;3041788791.73;338303;192476859.75
2023-09-30;3;MasterCard;Débito;Corporativo;Puro;252;126;82099;7631401.28;5;2404.47
2023-09-30;3;Elo;Crédito;Básico Internacional;Co-branded;862757;268953;1660495;156417040.53;376;43078.98
2023-09-30;3;MasterCard;Débito;Intermediário;Co-branded;17717178;17312958;148174110;4244627360.61;0;0.00
2023-09-30;3;MasterCard;Crédito;Platinum;Co-branded;1006434;724127;23113304;3820765871.80;255731;89213837.27
2023-09-30;3;VISA;Crédito;Intermediário;Puro;22129229;12777840;324496456;38058474178.81;1107835;239173462.89
2023-09-30;3;American Express;Crédito;Empresarial;Puro;27741;19039;609656;399183346.40;28837;42690132.56
2023-09-30;3;VISA;Crédito;Platinum;Co-branded;613657;567148;21991627;3329910310.73;232789;79560940.74
2023-09-30;3;Elo;Débito;Básico Nacional;Puro;208331119;42603955;944909333;54643451526.25;0;0.00
2023-09-30;3;VISA;Crédito;Platinum;Puro;8818225;6376654;277211773;41057513020.40;2335187;798915999.79
2023-09-30;3;MasterCard;Débito;Premium;Co-branded;95934;70023;184556;12931546.12;5;843.36
2023-09-30;3;Elo;Pré-Pago;Básico Nacional;Co-branded;5551;451;10133;797992.83;0;0.00
2023-09-30;3;VISA;Crédito;Básico Nacional;Híbrido;7182800;3142685;26454578;3179081106.30;40;11566.41
2023-09-30;3;VISA;Débito;Platinum;Puro;2051559;1210586;48621661;4179502601.63;1040;189376.45
2023-09-30;3;American Express;Crédito;Platinum;Puro;12;12;12;190.62;0;0.00
2023-09-30;3;VISA;Crédito;Empresarial;Híbrido;41100;11727;130120;170754917.13;178;57425.65
2023-09-30;3;VISA;Débito;Premium;Puro;806170;445611;14858960;1395629593.70;679;167956.13
2023-09-30;3;VISA;Crédito;Básico Internacional;Puro;29706245;12131180;231416115;23874076720.26;755002;132116795.05
2023-09-30;3;VISA;Pré-Pago;Corporativo;Puro;982415;101016;4044890;447884163.26;423824;118276407.13
2023-09-30;3;MasterCard;Crédito;Platinum;Híbrido;296427;166014;5022134;1011356376.95;42227;15400736.77
2023-09-30;3;Elo;Débito;Empresarial;Puro;989166;394867;9191895;1227528692.45;0;0.00
2023-09-30;3;MasterCard;Pré-Pago;Intermediário;Puro;52918514;29521748;1202025035;42201512941.43;1;0.01
2023-09-30;3;VISA;Crédito;Outros;Puro;1823434;990497;8849119;1656137840.93;128230;125560357.51
2023-09-30;3;Elo;Crédito;Premium;Puro;217198;201873;7456533;1461812698.99;19982;9800384.95
2023-09-30;3;VISA;Débito;Básico Internacional;Híbrido;407712;36733;354729;15972647.45;0;0.00
2023-09-30;3;MasterCard;Crédito;Platinum;Puro;17675563;12563150;471136660;57857157896.61;3644001;846583224.80
2023-09-30;3;VISA;Crédito;Platinum;Híbrido;428118;254398;10398281;2019593029.83;109368;38634243.29
2023-09-30;3;Elo;Crédito;Outros;Híbrido;29245;3058;9820;295317.00;0;0.00
2023-09-30;3;VISA;Crédito;Intermediário;Co-branded;6471279;5644598;82394790;8460597894.28;197707;33483119.47
2023-09-30;3;VISA;Crédito;Empresarial;Co-branded;578;494;6882;5519580.97;42;11237.90
2023-09-30;3;MasterCard;Crédito;Básico Internacional;Co-branded;7312228;1946932;20257198;2442066064.86;38665;7440372.90
2023-09-30;3;VISA;Crédito;Corporativo;Puro;606433;352352;6604444;2904882133.27;319253;294514667.33
2023-09-30;3;MasterCard;Pré-Pago;Básico Nacional;Puro;2066074;162856;829173;28985127.07;4607;268936.28
2023-09-30;3;MasterCard;Débito;Outros;Puro;493113;236989;4609593;219460923.89;1126;2353510.02
2023-09-30;3;MasterCard;Débito;Platinum;Puro;841146;474022;15649392;1137779332.11;4804;2465707.37
2023-09-30;3;Elo;Crédito;Empresarial;Puro;527330;352943;7777723;2723393122.17;14144;8682988.04
2023-09-30;3;MasterCard;Crédito;Premium;Puro;5337351;3951416;318464447;60416766252.45;6853914;3590671112.24
2023-09-30;3;VISA;Crédito;Premium;Co-branded;257972;216773;17485240;4564390669.94;328483;177071764.49
2023-09-30;3;VISA;Crédito;Premium;Híbrido;14716;9617;1533223;439141378.56;46774;26160324.01
2023-09-30;3;Elo;Débito;Outros;Híbrido;108670;82821;436696;48226629.00;0;0.00
2023-09-30;3;MasterCard;Crédito;Empresarial;Co-branded;141924;36426;30095;7411110.80;279;68416.93
2023-09-30;3;VISA;Débito;Intermediário;Puro;11852380;5954199;168820655;9369203972.43;2072;311260.64
2023-09-30;3;Bandeira própria;Crédito;Intermediário;Puro;129887;33430;2457558;662946345.33;0;0.00
2023-09-30;3;Elo;Pré-Pago;Básico Internacional;Puro;42069171;4555272;14117744;677009083.81;3237;657218.53
2023-09-30;3;VISA;Débito;Outros;Puro;2600;422;19431;875949.07;0;0.00
2023-09-30;3;Outras;Débito;Outros;Puro;3327250;1572425;39722647;3786709257.04;0;0.00
2023-09-30;3;Outras;Débito;Básico Internacional;Puro;176544;135710;539891;41084319.11;0;0.00
2023-09-30;3;MasterCard;Débito;Empresarial;Co-branded;385019;263494;23433;1707778.37;0;0.00
2023-09-30;3;Elo;Pré-Pago;Intermediário;Puro;14779538;180469;1161823;50824865.89;0;0.00
2023-09-30;3;Hipercard;Crédito;Platinum;Puro;1127183;1054576;19926077;3470890213.34;1;0.01
2023-09-30;3;MasterCard;Débito;Básico Nacional;Puro;447372;321668;10452144;795707757.71;24;10022.41
2023-09-30;3;American Express;Crédito;Premium;Co-branded;30792;26383;540878;115081390.62;10624;11356569.39
2023-09-30;3;MasterCard;Pré-Pago;Empresarial;Puro;3313753;815649;34186472;2047711162.95;9281;1609006.84
2023-09-30;3;MasterCard;Crédito;Básico Internacional;Puro;70244858;19495348;222396438;20977608867.42;586870;90044805.56
2023-09-30;3;American Express;Crédito;Básico Nacional;Puro;40031;31757;740417;101984066.44;3807;1296759.83
2023-09-30;3;MasterCard;Crédito;Intermediário;Puro;85895461;48905253;1196262793;103923648979.63;6003532;745431911.00
2023-09-30;3;Elo;Pré-Pago;Premium;Puro;5101;0;1201;79469.80;0;0.00
2023-09-30;3;Elo;Crédito;Básico Internacional;Puro;3563135;2262282;49719224;8667093742.94;60273;25874030.54
2023-09-30;3;VISA;Crédito;Intermediário;Híbrido;1184003;673407;17892088;2915148569.25;89986;23013455.18
2023-09-30;3;MasterCard;Pré-Pago;Platinum;Puro;7178040;3367377;101269374;4687041864.67;0;0.00
2023-09-30;3;American Express;Crédito;Intermediário;Puro;346312;263935;8129971;1403697265.67;70120;36829136.78
2023-09-30;3;MasterCard;Crédito;Outros;Puro;1315939;635473;21103504;1178656900.23;2644;886898.06
2023-09-30;3;MasterCard;Pré-Pago;Premium;Puro;285288;131900;4102258;262103218.22;0;0.00
2023-09-30;3;MasterCard;Débito;Básico Internacional;Puro;40889426;13273240;498514517;32917996533.50;58558;14892239.84
2023-09-30;3;MasterCard;Crédito;Corporativo;Híbrido;3142573;831068;16771346;892557805.69;30502;3693628.87
2023-09-30;3;MasterCard;Crédito;Básico Nacional;Híbrido;10291886;1998837;33970944;3931731674.66;16761;3282559.47
2023-09-30;3;VISA;Crédito;Empresarial;Puro;2896779;1725578;45277557;13131681780.07;483081;394902261.43
2023-09-30;3;Hipercard;Crédito;Empresarial;Puro;7;1;1;0.01;1;0.01
2023-09-30;3;Elo;Crédito;Platinum;Puro;170595;116852;3318766;507000497.68;4784;1096979.06
2023-09-30;3;MasterCard;Crédito;Básico Nacional;Puro;7603423;2659289;39387300;4245013053.99;62471;1932069.14
2023-09-30;3;VISA;Débito;Básico Nacional;Puro;14151530;8176529;221919940;14129351114.67;8688;801420.95
2023-09-30;3;MasterCard;Pré-Pago;Básico Internacional;Puro;6752550;671984;5021903;313546908.10;54373;2749926.29
2023-09-30;3;MasterCard;Crédito;Corporativo;Puro;258312;136559;5552726;2884855997.65;296343;312493870.51
2023-09-30;3;VISA;Débito;Básico Internacional;Puro;149358765;39165183;965794756;62143126585.33;27422;5488295.19
2023-09-30;3;Elo;Crédito;Outros;Puro;290773;249242;13742567;3008746829.44;37596;21020737.73
2023-09-30;3;VISA;Crédito;Básico Internacional;Co-branded;11876073;3863622;28831442;3034474942.99;39882;5383398.44
2023-09-30;3;MasterCard;Crédito;Básico Nacional;Co-branded;11891812;186727;3410938;427963619.07;410;245875.93
2023-09-30;3;Outras;Crédito;Básico Internacional;Puro;95245;79988;35132;15276999.29;0;0.00
2023-09-30;3;Elo;Débito;Básico Internacional;Puro;668149;563231;2310800;134447653.59;0;0.00
2023-09-30;3;VISA;Pré-Pago;Outros;Puro;22062100;4293575;74242985;3589991506.88;71276;9642719.12
2023-09-30;3;VISA;Crédito;Básico Nacional;Co-branded;6132639;401023;4162946;523329079.09;1195;115630.86
2023-09-30;3;VISA;Pré-Pago;Básico Nacional;Puro;14765913;3989302;64555148;3702636555.58;621;150514.13
2023-09-30;3;Bandeira própria;Crédito;Básico Nacional;Co-branded;6052559;1158212;4028318;490917734.67;0;0.00
2023-09-30;3;VISA;Crédito;Básico Internacional;Híbrido;8913152;4007522;55255832;7116315012.09;135030;26002073.64
2023-09-30;3;MasterCard;Crédito;Premium;Híbrido;5220;3279;372577;112410290.74;10638;5976022.68
2023-09-30;3;VISA;Crédito;Premium;Puro;6556838;4423256;245287442;45954662097.86;4302942;2224835855.17
2023-09-30;3;American Express;Crédito;Platinum;Co-branded;18415;16278;352267;47211100.08;2181;843688.91
2023-09-30;3;Bandeira própria;Pré-Pago;Outros;Puro;726487;726487;403417;659315208.24;0;0.00
2023-09-30;3;Bandeira própria;Débito;Outros;Puro;19146;12556;89406;6434857.25;0;0.00
2023-09-30;3;MasterCard;Débito;Platinum;Co-branded;201495;147205;304801;18643049.28;3;3262.69
2023-09-30;3;Bandeira própria;Crédito;Básico Nacional;Híbrido;663489;305119;3161427;546078306.16;0;0.00
2023-09-30;3;Elo;Pré-Pago;Básico Internacional;Co-branded;1498837;1169146;10535515;659934379.47;3;331.26
2023-09-30;3;Hipercard;Crédito;Intermediário;Puro;401;16;82;8175.05;1;0.01
2023-09-30;3;MasterCard;Débito;Básico Internacional;Co-branded;5238796;3144976;6065011;244422563.81;26;1872.50
2023-09-30;3;VISA;Pré-Pago;Empresarial;Puro;715020;263847;3329442;160464901.10;298;33377.57
2023-09-30;3;American Express;Crédito;Premium;Puro;547782;455930;16833715;4445227490.18;436693;447215286.69
2023-09-30;3;MasterCard;Pré-Pago;Corporativo;Puro;2791853;1285594;29860976;1497031643.86;81070;1214989.80
2023-09-30;3;VISA;Pré-Pago;Básico Internacional;Puro;33885134;12555217;155939317;6681208149.53;1530264;258903066.15
2023-09-30;3;Bandeira própria;Crédito;Outros;Co-branded;471103;63129;434506;97869641.19;0;0.00
2023-09-30;3;Elo;Crédito;Básico Nacional;Puro;3052109;1956836;68633829;7777506692.85;52240;20280133.73
2023-09-30;3;MasterCard;Débito;Premium;Puro;469492;290081;7137768;514236690.27;1256;504874.08
2023-09-30;3;VISA;Débito;Empresarial;Puro;1508436;589645;22579892;2673685213.76;3382;794479.61
2023-09-30;3;MasterCard;Crédito;Empresarial;Puro;6172020;2878744;49289981;14605175516.50;757225;463788588.51
2023-09-30;3;MasterCard;Crédito;Outros;Co-branded;1094404;14853;17102;663058.82;509;53048.83
2023-09-30;3;Elo;Crédito;Corporativo;Puro;22346;9267;96921;109810778.15;515;572583.86
2023-09-30;3;MasterCard;Débito;Intermediário;Puro;63920506;40189845;868582712;45980876771.40;41532;8760832.95
2023-09-30;3;Bandeira própria;Crédito;Outros;Puro;4773180;614443;8140962;755520460.39;0;0.00
2023-09-30;3;MasterCard;Crédito;Básico Internacional;Híbrido;18764749;8441488;81035067;8689862946.14;86695;11894732.86
2023-09-30;3;MasterCard;Crédito;Intermediário;Híbrido;4668292;4185939;72858727;11621043924.88;47765;9295942.75
2023-09-30;3;American Express;Crédito;Corporativo;Puro;65771;47465;1303530;1111759340.06;97189;131105351.53
2023-09-30;3;MasterCard;Crédito;Intermediário;Co-branded;30732605;13732108;124456909;15202197002.81;242858;46484657.63
2023-09-30;3;VISA;Débito;Básico Internacional;Co-branded;7732;2871;62263;5520044.60;0;0.00
2023-09-30;3;MasterCard;Débito;Básico Nacional;Co-branded;100;48;77;4327.77;0;0.00
2023-09-30;3;MasterCard;Débito;Empresarial;Puro;1805896;429050;14458713;939086282.19;13;4419.28
2023-09-30;3;MasterCard;Crédito;Corporativo;Co-branded;13;5;20;137.89;0;0.00
2023-09-30;3;MasterCard;Pré-Pago;Outros;Puro;11129771;723609;8524572;402582899.29;60043;10038703.96
2023-09-30;3;Elo;Crédito;Intermediário;Puro;8722186;3186719;49766935;5559292076.90;20826;3014010.40
2023-09-30;3;Elo;Pré-Pago;Básico Nacional;Puro;4465773;4582;23753;891640.04;7;426.19
2023-09-30;3;Elo;Crédito;Básico Nacional;Co-branded;653100;412571;2970838;478705840.69;0;0.00
2023-09-30;3;MasterCard;Crédito;Empresarial;Híbrido;40209;25026;454371;127505345.77;5936;2674334.15
2023-09-30;3;VISA;Crédito;Básico Nacional;Puro;8934684;7143538;190444017;17954445701.23;286442;46154732.07
2023-12-31;4;Elo;Débito;Empresarial;Puro;979821;417472;9631656;1296645105.55;0;0.00
2023-12-31;4;Elo;Crédito;Outros;Puro;280797;241542;13382907;3077030863.00;43361;23693270.18
2023-12-31;4;Elo;Crédito;Platinum;Puro;185787;120480;3470666;537781942.53;5369;1296761.01
2023-12-31;4;VISA;Pré-Pago;Intermediário;Puro;2078;8;16;232.71;0;0.00
2023-12-31;4;VISA;Débito;Básico Internacional;Híbrido;425465;35960;374034;16876200.65;0;0.00
2023-12-31;4;MasterCard;Crédito;Premium;Co-branded;411767;304893;13107458;3658507095.97;360581;201758821.35
2023-12-31;4;MasterCard;Crédito;Premium;Puro;5898164;4345910;355725408;69698903075.92;6653588;3451707789.27
2023-12-31;4;MasterCard;Débito;Platinum;Puro;847603;462387;15726196;1179884816.49;4496;2077769.39
2023-12-31;4;VISA;Crédito;Intermediário;Puro;22375753;12743812;336608018;40258163684.00;1067325;223936007.76
2023-12-31;4;MasterCard;Crédito;Intermediário;Híbrido;4685969;4250770;76453706;12597725486.04;51617;10825258.21
2023-12-31;4;VISA;Crédito;Platinum;Híbrido;483195;284159;11294286;2275800332.72;103568;41030365.35
2023-12-31;4;MasterCard;Débito;Básico Internacional;Co-branded;1285880;120209;4066350;168977312.16;0;0.00
2023-12-31;4;MasterCard;Crédito;Básico Nacional;Co-branded;11889454;191888;3341892;432067102.92;401;257077.09
2023-12-31;4;VISA;Débito;Premium;Puro;896271;498743;16838237;1608374823.02;604;130814.18
2023-12-31;4;MasterCard;Débito;Empresarial;Puro;1840152;431006;15493534;1033834993.12;26;22958.43
2023-12-31;4;American Express;Crédito;Corporativo;Puro;64609;46352;1199562;1053343512.22;91767;121483312.10
2023-12-31;4;MasterCard;Débito;Intermediário;Co-branded;21388302;7112478;158856125;4815671890.49;0;0.00
2023-12-31;4;VISA;Pré-Pago;Corporativo;Puro;1739585;176816;4793506;726991363.18;430532;116974060.31
2023-12-31;4;MasterCard;Débito;Outros;Puro;668638;230871;4991421;249266223.12;1358;490248.65
2023-12-31;4;Elo;Crédito;Intermediário;Puro;9185158;3329497;53316021;6227873743.66;22628;2891331.85
2023-12-31;4;Bandeira própria;Crédito;Intermediário;Puro;145799;32506;2380119;671299451.27;0;0.00
2023-12-31;4;American Express;Crédito;Premium;Co-branded;32535;26849;555946;125294783.49;10631;11815026.76
2023-12-31;4;Elo;Pré-Pago;Intermediário;Puro;16025929;197841;1178470;55350750.44;0;0.00
2023-12-31;4;VISA;Débito;Básico Internacional;Co-branded;27769;22439;594512;28137386.05;0;0.00
2023-12-31;4;MasterCard;Pré-Pago;Básico Nacional;Puro;2115975;135686;848492;30610646.20;4527;290999.80
2023-12-31;4;Outras;Débito;Básico Internacional;Puro;179380;138878;613575;46246867.92;0;0.00
2023-12-31;4;VISA;Débito;Básico Internacional;Puro;156658460;39773134;1041068188;67696639061.23;25710;5393564.01
2023-12-31;4;VISA;Crédito;Platinum;Puro;8797911;6423317;286739776;43355116860.49;2113393;709004034.51
2023-12-31;4;MasterCard;Pré-Pago;Intermediário;Puro;55774447;30670981;1339872030;48898934454.46;1;0.01
2023-12-31;4;Outras;Crédito;Básico Internacional;Puro;87830;73993;32764;17935912.35;7;5215.13
2023-12-31;4;Bandeira própria;Crédito;Outros;Co-branded;469031;57341;404942;95699022.98;0;0.00
2023-12-31;4;Elo;Crédito;Premium;Puro;232976;213394;7805451;1569975680.55;21127;10411781.61
2023-12-31;4;VISA;Débito;Básico Nacional;Puro;14298337;7976957;234485613;15178132354.49;6418;625016.22
2023-12-31;4;MasterCard;Crédito;Básico Nacional;Híbrido;11157465;2212838;39482641;4461019050.70;15964;2805710.20
2023-12-31;4;VISA;Pré-Pago;Outros;Puro;20743994;4120282;72753635;3579106698.15;83391;12060159.34
2023-12-31;4;MasterCard;Débito;Intermediário;Puro;63208977;40922006;936804615;50496205808.20;35814;7119469.76
2023-12-31;4;VISA;Crédito;Básico Nacional;Co-branded;6166690;399920;4224463;543236549.50;1257;117888.99
2023-12-31;4;VISA;Crédito;Intermediário;Híbrido;1244067;711755;18925539;3136034068.93;85435;23694048.57
2023-12-31;4;MasterCard;Crédito;Platinum;Co-branded;1076640;770466;25660085;4364960562.47;252954;85361453.81
2023-12-31;4;Hipercard;Crédito;Intermediário;Puro;399;16;80;10387.99;1;0.01
2023-12-31;4;MasterCard;Pré-Pago;Premium;Puro;307974;137493;4503548;298509967.80;0;0.00
2023-12-31;4;VISA;Crédito;Premium;Co-branded;294400;261529;21978027;5730868111.99;380851;205208684.11
2023-12-31;4;Outras;Débito;Outros;Puro;3355055;1547461;43038352;4196773421.63;0;0.00
2023-12-31;4;VISA;Débito;Intermediário;Puro;10324423;5291865;150259933;9039098725.27;1671;267612.89
2023-12-31;4;MasterCard;Débito;Platinum;Co-branded;113485;8572;205938;13482775.30;0;0.00
2023-12-31;4;MasterCard;Débito;Básico Internacional;Puro;39474953;12779674;521492871;34966513620.24;63179;15711000.59
2023-12-31;4;Elo;Crédito;Outros;Híbrido;16377;834;11424;431278.47;0;0.00
2023-12-31;4;Elo;Débito;Outros;Híbrido;118723;27087;376600;45293524.82;0;0.00
2023-12-31;4;Elo;Crédito;Básico Internacional;Puro;3368039;2118186;48368428;8467974259.31;66801;29240297.43
2023-12-31;4;American Express;Crédito;Platinum;Co-branded;18462;16129;404664;55060498.57;2168;808089.65
2023-12-31;4;VISA;Crédito;Básico Internacional;Híbrido;9075302;3626069;55046209;7197558625.91;126209;25354406.26
2023-12-31;4;VISA;Crédito;Básico Nacional;Puro;9237662;7163137;194829881;18595144217.49;278516;44897471.66
2023-12-31;4;MasterCard;Crédito;Platinum;Híbrido;367270;260476;6143435;1312523207.16;41812;15160297.58
2023-12-31;4;MasterCard;Débito;Básico Nacional;Puro;1597863;805445;14614217;1024941560.05;28;10244.13
2023-12-31;4;VISA;Débito;Outros;Puro;2819;458;21879;992905.61;0;0.00
2023-12-31;4;Elo;Pré-Pago;Premium;Puro;5657;0;929;60127.89;0;0.00
2023-12-31;4;VISA;Crédito;Outros;Puro;1964688;1018641;9442097;1962930591.32;136198;128952366.43
2023-12-31;4;MasterCard;Pré-Pago;Corporativo;Puro;3955375;1537702;33096372;1751329385.47;86762;1926987.51
2023-12-31;4;MasterCard;Crédito;Corporativo;Puro;274153;140968;5099115;2917820700.39;316835;335536623.58
2023-12-31;4;VISA;Crédito;Básico Nacional;Híbrido;7188295;3004817;21030620;2552712182.11;47;3013.10
2023-12-31;4;VISA;Pré-Pago;Empresarial;Puro;1007396;315415;3490051;210768082.00;6519;3147858.52
2023-12-31;4;Elo;Crédito;Intermediário;Co-branded;125;29;8;49.47;0;0.00
2023-12-31;4;MasterCard;Crédito;Intermediário;Co-branded;36419916;16081813;140341825;16817444443.13;238702;44947729.80
2023-12-31;4;MasterCard;Crédito;Platinum;Puro;18832918;13395632;515638334;64743506879.36;3557934;806932496.28
2023-12-31;4;MasterCard;Crédito;Básico Internacional;Híbrido;19533568;7484239;87295022;9715801519.53;88648;12711480.73
2023-12-31;4;VISA;Crédito;Premium;Puro;7183972;4793151;270842807;51771524071.35;4068110;2064587665.63
2023-12-31;4;Hipercard;Crédito;Platinum;Puro;1016078;950687;19562863;3465340027.85;1;0.01
2023-12-31;4;VISA;Crédito;Básico Internacional;Co-branded;12317259;3904610;29736070;3246875557.84;42207;5926224.51
2023-12-31;4;MasterCard;Pré-Pago;Outros;Puro;11171812;791760;8398382;408756499.32;62062;9320829.71
2023-12-31;4;VISA;Débito;Empresarial;Puro;1673107;634776;24717837;2967807718.11;3307;841803.70
2023-12-31;4;VISA;Crédito;Empresarial;Híbrido;40493;10836;122157;163279264.48;158;65539.90
2023-12-31;4;VISA;Pré-Pago;Básico Internacional;Puro;37052681;13412291;173114901;7919930410.03;1431313;252153702.97
2023-12-31;4;MasterCard;Crédito;Outros;Puro;1576960;823339;27176486;1551160710.51;5309;1382335.87
2023-12-31;4;Elo;Crédito;Básico Internacional;Co-branded;858052;224955;1547031;150441917.88;446;46286.20
2023-12-31;4;American Express;Crédito;Platinum;Puro;8;8;8;109.50;0;0.00
2023-12-31;4;MasterCard;Crédito;Premium;Híbrido;6395;5216;439102;131353270.17;10604;5946679.59
2023-12-31;4;Elo;Crédito;Empresarial;Puro;543737;357028;7903139;2888629661.94;14037;9085898.37
2023-12-31;4;VISA;Débito;Outros;Híbrido;81551;27479;623139;109815148.80;4;2396.31
2023-12-31;4;Bandeira própria;Crédito;Outros;Puro;4861338;958621;9278187;859152043.37;0;0.00
2023-12-31;4;Bandeira própria;Débito;Outros;Puro;20920;11805;53495;3283246.34;0;0.00
2023-12-31;4;American Express;Crédito;Intermediário;Puro;341311;251109;8001159;1408932782.00;67630;34769698.93
2023-12-31;4;MasterCard;Débito;Premium;Co-branded;52627;8314;147461;11078845.10;0;0.00
2023-12-31;4;Elo;Crédito;Básico Nacional;Co-branded;772128;468520;3476175;557945646.61;0;0.00
2023-12-31;4;MasterCard;Pré-Pago;Empresarial;Puro;3431236;855386;38081985;2302068477.38;8758;1562670.99
2023-12-31;4;MasterCard;Pré-Pago;Platinum;Puro;8078677;3805873;122275948;5891814498.62;0;0.00
2023-12-31;4;Elo;Pré-Pago;Básico Internacional;Puro;41742877;5198815;13723160;676579051.38;4340;1042192.74
2023-12-31;4;VISA;Débito;Platinum;Puro;2028695;1190771;49648689;4386408104.15;683;121504.77
2023-12-31;4;Elo;Crédito;Corporativo;Puro;21534;8793;96665;109106541.79;601;738157.43
2023-12-31;4;Elo;Pré-Pago;Básico Nacional;Co-branded;4721;381;5918;515202.58;0;0.00
2023-12-31;4;MasterCard;Débito;Básico Nacional;Co-branded;43;8;8;309.56;0;0.00
2023-12-31;4;MasterCard;Crédito;Empresarial;Híbrido;45016;26738;614968;177568394.47;7173;3221964.24
2023-12-31;4;MasterCard;Crédito;Básico Internacional;Co-branded;7299983;1761849;20404492;2511200027.93;41929;7411945.17
2023-12-31;4;MasterCard;Crédito;Intermediário;Puro;87682277;48399160;1236112153;112041473940.90;5856948;747512298.66
2023-12-31;4;MasterCard;Crédito;Empresarial;Co-branded;9;1;1;0.01;1;0.01
2023-12-31;4;VISA;Crédito;Premium;Híbrido;17902;14310;1632663;475119938.14;42333;21944696.23
2023-12-31;4;Elo;Pré-Pago;Básico Nacional;Puro;4424105;3371;18359;748593.19;12;1006.62
2023-12-31;4;American Express;Crédito;Empresarial;Puro;27676;18805;599444;415304191.61;29814;43456958.04
2023-12-31;4;VISA;Pré-Pago;Básico Nacional;Puro;15482331;4045034;65613653;3793445200.57;1203;118855.25
2023-12-31;4;Elo;Crédito;Básico Nacional;Puro;3194351;2045331;71463157;8131081800.98;55744;22551335.97
2023-12-31;4;MasterCard;Crédito;Básico Nacional;Puro;7227888;2510847;38989929;4158162236.51;53992;1794259.90
2023-12-31;4;MasterCard;Crédito;Corporativo;Co-branded;14;10;22;1714.97;4;4078.40
2023-12-31;4;American Express;Crédito;Básico Nacional;Puro;39126;30585;722271;99822055.17;3394;1176580.66
2023-12-31;4;MasterCard;Crédito;Básico Internacional;Puro;71889409;19044593;236881704;23045861541.49;571792;89663875.01
2023-12-31;4;Bandeira própria;Crédito;Básico Nacional;Híbrido;664263;301480;3250929;571640572.46;0;0.00
2023-12-31;4;MasterCard;Crédito;Corporativo;Híbrido;3839541;1287892;20792548;1125709323.76;43572;5125707.23
2023-12-31;4;MasterCard;Pré-Pago;Básico Internacional;Puro;6672791;523747;5934693;368432719.67;74545;3798846.96
2023-12-31;4;American Express;Crédito;Premium;Puro;543096;441813;16605044;4553395169.70;408941;390313420.94
2023-12-31;4;VISA;Crédito;Empresarial;Co-branded;537;455;6364;4540270.45;44;28067.20
2023-12-31;4;VISA;Crédito;Platinum;Co-branded;560914;513678;20470136;3240541049.35;200138;67534396.95
2023-12-31;4;Elo;Pré-Pago;Básico Internacional;Co-branded;1275325;1017444;7478690;500963588.35;14;1750.32
2023-12-31;4;Elo;Débito;Básico Nacional;Puro;209247182;41702821;983670149;57750362115.55;0;0.00
2023-12-31;4;MasterCard;Débito;Premium;Puro;494388;303693;7892143;588611926.01;1384;578042.54
2023-12-31;4;Elo;Débito;Básico Internacional;Puro;693487;576093;2487473;148953663.48;12;7554.06
2023-12-31;4;MasterCard;Crédito;Outros;Co-branded;1094824;14915;23716;699376.58;976;56697.00
2023-12-31;4;Bandeira própria;Crédito;Básico Nacional;Co-branded;6274229;1197380;4302760;573171108.21;0;0.00
2023-12-31;4;Bandeira própria;Pré-Pago;Outros;Puro;729992;729992;299666;404079152.38;0;0.00
2023-12-31;4;VISA;Crédito;Corporativo;Co-branded;2;2;1;22.84;1;0.01
2023-12-31;4;VISA;Crédito;Corporativo;Puro;620387;357165;6528533;3190410998.56;354034;309196987.83
2023-12-31;4;VISA;Crédito;Intermediário;Co-branded;7533262;5329415;63502196;6710108659.61;203611;32575476.15
2023-12-31;4;VISA;Crédito;Básico Internacional;Puro;30924160;12170392;235726897;25082516726.62;687247;123007769.46
2023-12-31;4;Hipercard;Crédito;Empresarial;Puro;11;3;1;0.01;1;0.01
2023-12-31;4;MasterCard;Crédito;Empresarial;Puro;6533470;2980056;52431846;15731339157.54;786192;469316407.35
2023-12-31;4;VISA;Crédito;Empresarial;Puro;2938164;1734645;45980827;13726774301.62;478345;390435547.20
2024-03-31;1;Elo;Crédito;Outros;Híbrido;14711;4621;13355;408388.03;0;0.00
2024-03-31;1;Elo;Crédito;Corporativo;Puro;28589;11983;140346;94891208.12;687;664946.29
2024-03-31;1;VISA;Crédito;Empresarial;Co-branded;496;419;5209;4314425.82;41;12787.43
2024-03-31;1;Elo;Pré-Pago;Básico Internacional;Co-branded;1509503;1320018;10574925;607751363.48;42;2926.72
2024-03-31;1;MasterCard;Crédito;Empresarial;Puro;7020535;3134297;55617003;15875696402.46;886893;524467453.46
2024-03-31;1;VISA;Débito;Básico Nacional;Puro;14026453;7650212;215387655;13710177647.61;5063;611364.20
2024-03-31;1;Outras;Débito;Corporativo;Puro;357165;33273;146119;11136909.06;0;0.00
2024-03-31;1;MasterCard;Crédito;Básico Internacional;Co-branded;5547008;1562198;18927019;2384085491.07;42129;7967916.96
2024-03-31;1;Elo;Crédito;Básico Nacional;Puro;3507806;2123509;72669562;8127633955.91;59548;22661005.50
2024-03-31;1;Elo;Crédito;Básico Nacional;Co-branded;890011;516575;3800546;572631292.62;0;0.00
2024-03-31;1;American Express;Crédito;Intermediário;Puro;325162;228302;7748643;1384453918.85;65618;33204439.78
2024-03-31;1;Elo;Crédito;Outros;Puro;269300;231426;12940562;3012770675.91;40987;24436979.98
2024-03-31;1;MasterCard;Pré-Pago;Outros;Puro;11168979;689593;6912011;333678115.87;53857;7504877.67
2024-03-31;1;VISA;Pré-Pago;Outros;Puro;21008233;3943159;62625252;3024343212.84;80660;9357121.77
2024-03-31;1;American Express;Crédito;Premium;Puro;516950;409673;16198352;4405089044.70;431458;442708332.23
2024-03-31;1;Elo;Débito;Outros;Híbrido;144033;90123;386491;43464342.98;0;0.00
2024-03-31;1;MasterCard;Crédito;Premium;Co-branded;425724;332417;13289459;3515921214.50;410032;236050890.51
2024-03-31;1;VISA;Crédito;Empresarial;Puro;2916230;1721092;44903497;13377438852.54;484073;408335627.78
2024-03-31;1;MasterCard;Débito;Premium;Puro;526519;321865;7872642;559443822.59;1532;658645.78
2024-03-31;1;Bandeira própria;Crédito;Outros;Co-branded;467238;50291;328417;77336821.11;0;0.00
2024-03-31;1;MasterCard;Débito;Básico Nacional;Puro;434564;304030;9987963;767718564.90;30;8078.71
2024-03-31;1;Outras;Crédito;Básico Internacional;Puro;85387;72412;29448;14139619.50;0;0.00
2024-03-31;1;Elo;Crédito;Premium;Puro;251548;181777;8472346;1722477227.12;26838;12507225.19
2024-03-31;1;MasterCard;Crédito;Básico Internacional;Híbrido;20214179;7449290;84443890;9350568633.29;86346;12183507.61
2024-03-31;1;MasterCard;Crédito;Básico Nacional;Puro;6876312;2207788;31462384;3069900225.60;32469;811109.61
2024-03-31;1;VISA;Pré-Pago;Empresarial;Puro;1298726;491251;10853034;669293157.69;25866;6167388.33
2024-03-31;1;Elo;Pré-Pago;Premium;Puro;6726;0;978;81617.26;0;0.00
2024-03-31;1;Outras;Débito;Empresarial;Puro;707;14;1359;244606.43;0;0.00
2024-03-31;1;MasterCard;Pré-Pago;Intermediário;Puro;57818456;30607469;1249419892;44048793436.98;0;0.00
2024-03-31;1;Bandeira própria;Pré-Pago;Outros;Puro;744379;744379;381252;304660558.16;0;0.00
2024-03-31;1;Elo;Crédito;Platinum;Puro;184620;96660;3464355;530583083.98;5366;1261233.71
2024-03-31;1;Elo;Pré-Pago;Básico Nacional;Puro;4102524;2233;11985;470750.12;2;125.03
2024-03-31;1;MasterCard;Crédito;Empresarial;Co-branded;9;1;1;0.01;1;0.01
2024-03-31;1;MasterCard;Crédito;Platinum;Híbrido;423330;311204;6582112;1398132912.05;47376;20069474.92
2024-03-31;1;MasterCard;Pré-Pago;Empresarial;Puro;3605035;863471;36989554;2140253630.18;5448;868605.99
2024-03-31;1;VISA;Crédito;Platinum;Puro;8646754;6289341;273996173;40884994909.24;2116220;710621014.67
2024-03-31;1;American Express;Crédito;Platinum;Puro;1;1;4;43.40;0;0.00
2024-03-31;1;VISA;Crédito;Intermediário;Co-branded;13987304;11614298;108185186;11402164303.69;212676;34080324.40
2024-03-31;1;MasterCard;Crédito;Intermediário;Co-branded;40187003;17933115;139507384;15782167562.47;248416;47392531.76
2024-03-31;1;MasterCard;Débito;Intermediário;Puro;64804978;41724922;855887334;44177211869.90;37499;6960850.41
2024-03-31;1;Outras;Débito;Básico Internacional;Puro;182129;139235;464081;35718334.94;0;0.00
2024-03-31;1;MasterCard;Débito;Premium;Co-branded;66625;12072;159365;11020436.62;0;0.00
2024-03-31;1;MasterCard;Pré-Pago;Premium;Puro;347535;143520;4503184;289645177.27;0;0.00
2024-03-31;1;VISA;Pré-Pago;Básico Nacional;Puro;16105337;4010687;57992418;3322833490.70;1464;244272.49
2024-03-31;1;Hipercard;Crédito;Empresarial;Puro;11;3;1;0.01;1;0.01
2024-03-31;1;Hipercard;Crédito;Intermediário;Puro;399;16;50;7624.26;1;0.01
2024-03-31;1;American Express;Crédito;Platinum;Co-branded;18037;15452;400409;55964433.01;2172;956959.47
2024-03-31;1;VISA;Crédito;Premium;Co-branded;322608;297055;23510632;5892886759.29;442526;242907026.50
2024-03-31;1;Elo;Crédito;Básico Internacional;Co-branded;852724;194800;1244387;114713189.87;225;33279.34
2024-03-31;1;MasterCard;Crédito;Platinum;Puro;20232746;14250415;528036940;64959610820.76;3790749;823701561.74
2024-03-31;1;VISA;Pré-Pago;Intermediário;Puro;4833;84;501;19699.31;0;0.00
2024-03-31;1;VISA;Débito;Intermediário;Puro;10416591;5178670;133488249;7857771271.99;1641;242706.98
2024-03-31;1;VISA;Crédito;Básico Nacional;Puro;9378110;7153916;191081529;18326329962.49;288616;47153855.97
2024-03-31;1;VISA;Crédito;Premium;Puro;7709580;5028041;276942084;51812597177.05;4462587;2362604659.01
2024-03-31;1;VISA;Crédito;Corporativo;Puro;638024;358295;5854214;2508559262.61;309554;297797031.77
2024-03-31;1;VISA;Crédito;Intermediário;Puro;22676154;12128360;320808678;37671316671.16;1096514;224116061.27
2024-03-31;1;VISA;Crédito;Básico Nacional;Co-branded;6195101;401849;3976919;504013988.55;1286;118085.52
2024-03-31;1;VISA;Débito;Básico Internacional;Co-branded;498891;31821;551352;5156204.51;195;111.44
2024-03-31;1;Outras;Crédito;Outros;Puro;1004105;183709;888598;61066746.26;0;0.00
2024-03-31;1;MasterCard;Crédito;Empresarial;Híbrido;41340;22688;537025;157834874.80;7398;3599683.73
2024-03-31;1;American Express;Crédito;Empresarial;Puro;28114;18592;552514;378776472.36;27083;43274175.83
2024-03-31;1;Elo;Pré-Pago;Básico Nacional;Co-branded;4721;330;7251;546830.96;0;0.00
2024-03-31;1;MasterCard;Crédito;Premium;Híbrido;10203;8077;541927;168509406.12;13425;8950210.95
2024-03-31;1;MasterCard;Débito;Platinum;Puro;862102;461500;14335372;1045376447.57;4847;2152590.89
2024-03-31;1;Outras;Débito;Outros;Puro;3926261;1535248;39400516;3809178099.86;0;0.00
2024-03-31;1;MasterCard;Débito;Básico Internacional;Puro;40672790;13064075;478673863;31240665823.93;61996;15020125.32
2024-03-31;1;VISA;Crédito;Básico Internacional;Co-branded;12557528;3820781;29414612;3371610841.07;48087;6584621.65
2024-03-31;1;VISA;Débito;Premium;Puro;958594;542069;17377329;1575918092.31;937;228426.15
2024-03-31;1;Elo;Débito;Básico Nacional;Puro;208354493;39105922;884072969;51013832377.79;0;0.00
2024-03-31;1;MasterCard;Débito;Básico Internacional;Co-branded;761173;97610;3121513;126941017.62;0;0.00
2024-03-31;1;MasterCard;Crédito;Básico Nacional;Híbrido;11241258;2415075;47178207;4950304652.02;15669;2800187.98
2024-03-31;1;VISA;Crédito;Intermediário;Híbrido;1307424;741504;17490959;2849222851.10;82248;22955406.76
2024-03-31;1;VISA;Débito;Básico Nacional;Co-branded;261849;261849;881141;126225383.00;0;0.00
2024-03-31;1;VISA;Pré-Pago;Corporativo;Puro;1745374;177742;4640200;654885089.16;443244;117508507.77
2024-03-31;1;VISA;Pré-Pago;Básico Internacional;Puro;38737541;14646677;170359011;7533159116.17;1492931;260100187.67
2024-03-31;1;VISA;Crédito;Empresarial;Híbrido;37698;10000;121925;163955735.50;171;53780.30
2024-03-31;1;VISA;Débito;Empresarial;Puro;1822473;671176;24548926;2820529839.80;3831;964043.90
2024-03-31;1;MasterCard;Pré-Pago;Corporativo;Puro;3703782;2320596;32859253;1796004123.32;68077;2131687.93
2024-03-31;1;VISA;Débito;Básico Internacional;Híbrido;440900;34174;333447;13993687.36;0;0.00
2024-03-31;1;MasterCard;Crédito;Corporativo;Co-branded;308356;7701;178052;24878922.07;1388;732233.23
2024-03-31;1;Hipercard;Crédito;Platinum;Puro;801361;748641;14892013;2626871513.57;1;0.01
2024-03-31;1;Elo;Débito;Empresarial;Puro;989310;412491;8961216;1156809016.27;0;0.00
2024-03-31;1;Elo;Débito;Básico Internacional;Puro;685207;571040;2395373;138920159.65;27;11322.18
2024-03-31;1;VISA;Débito;Outros;Puro;2909;396;22531;1014927.39;0;0.00
2024-03-31;1;MasterCard;Pré-Pago;Básico Internacional;Puro;5259728;387425;5341901;320789321.69;35895;3382001.66
2024-03-31;1;Elo;Crédito;Básico Internacional;Puro;3237032;1889606;44988533;8104811391.99;65692;28847885.53
2024-03-31;1;Bandeira própria;Crédito;Intermediário;Puro;141059;31522;2247112;592953727.11;0;0.00
2024-03-31;1;Elo;Pré-Pago;Básico Internacional;Puro;41983922;2782256;11511788;558791157.84;4565;1087729.62
2024-03-31;1;MasterCard;Crédito;Outros;Puro;1835988;967252;27818081;1554360425.09;6810;1109040.33
2024-03-31;1;MasterCard;Débito;Empresarial;Puro;1961269;443005;14709601;952538210.62;31;22521.33
2024-03-31;1;MasterCard;Crédito;Premium;Puro;6453032;4666086;358848982;67740737832.71;7312102;3894759456.39
2024-03-31;1;Bandeira própria;Débito;Básico Nacional;Puro;17797;5783;566;225399.91;0;0.00
2024-03-31;1;MasterCard;Débito;Intermediário;Co-branded;22238740;6984888;144356560;4273741320.34;0;0.00
2024-03-31;1;MasterCard;Crédito;Platinum;Co-branded;1037146;809060;25766768;4204711553.25;264895;90492557.57
2024-03-31;1;Elo;Crédito;Corporativo;Co-branded;18;1;5;114.00;0;0.00
2024-03-31;1;MasterCard;Crédito;Outros;Co-branded;1093698;14570;14446;509001.97;17404;618.00
2024-03-31;1;MasterCard;Crédito;Básico Nacional;Co-branded;11881770;195919;3002680;380285588.12;371;399908.36
2024-03-31;1;VISA;Crédito;Básico Internacional;Híbrido;8781931;3613582;51513027;6702278794.65;121876;24502173.35
2024-03-31;1;American Express;Crédito;Premium;Co-branded;33530;26770;593215;134787643.35;12298;14726958.23
2024-03-31;1;VISA;Crédito;Platinum;Co-branded;523822;478581;18128104;2849890984.55;186072;64669108.26
2024-03-31;1;VISA;Débito;Outros;Híbrido;81290;39951;915460;174907684.34;0;0.00
2024-03-31;1;MasterCard;Crédito;Corporativo;Puro;5618973;825466;7334448;3199946521.02;294096;344385169.96
2024-03-31;1;Bandeira própria;Crédito;Outros;Puro;4914515;1693840;26987938;717214381.01;0;0.00
2024-03-31;1;VISA;Crédito;Premium;Híbrido;24596;19702;1813213;537565193.96;50958;34187597.14
2024-03-31;1;VISA;Débito;Platinum;Puro;1994709;1161853;45816590;3940395920.81;797;169164.43
2024-03-31;1;Bandeira própria;Crédito;Básico Nacional;Co-branded;6470667;1249165;4271997;571281613.45;0;0.00
2024-03-31;1;Bandeira própria;Crédito;Básico Nacional;Híbrido;664339;298065;2946710;510057278.18;0;0.00
2024-03-31;1;MasterCard;Crédito;Intermediário;Híbrido;4718484;4250225;71602600;11553720340.18;53471;11069630.15
2024-03-31;1;MasterCard;Débito;Platinum;Co-branded;146175;16144;249399;15068662.35;0;0.00
2024-03-31;1;MasterCard;Crédito;Intermediário;Puro;89063389;47011287;1141090903;100983780501.60;5980538;747187451.08
2024-03-31;1;American Express;Crédito;Corporativo;Puro;59469;41925;1145334;1050043593.09;89820;128318290.69
2024-03-31;1;Bandeira própria;Crédito;Básico Nacional;Puro;17797;5783;184;16713.81;0;0.00
2024-03-31;1;Outras;Débito;Corporativo;Co-branded;31745;47;95;16878.33;0;0.00
2024-03-31;1;VISA;Crédito;Outros;Puro;2203028;1002354;10218218;2162217923.81;174283;168086118.19
2024-03-31;1;VISA;Crédito;Platinum;Híbrido;541138;320405;11057641;2190067044.96;103465;41746723.93
2024-03-31;1;MasterCard;Débito;Outros;Puro;685994;179243;4748694;235503194.35;1686;885313.59
2024-03-31;1;Elo;Crédito;Intermediário;Puro;9526066;2970311;51753862;5894173006.27;27087;3997899.03
2024-03-31;1;VISA;Crédito;Básico Internacional;Puro;31634563;12074172;220010047;23629913689.05;687234;120941600.92
2024-03-31;1;MasterCard;Pré-Pago;Platinum;Puro;8806445;4058554;127085236;5931169665.41;0;0.00
2024-03-31;1;VISA;Débito;Básico Internacional;Puro;164028358;40877036;1043262738;65281202802.57;29597;5991653.59
2024-03-31;1;MasterCard;Débito;Básico Nacional;Co-branded;32;8;3;167.70;0;0.00
2024-03-31;1;MasterCard;Pré-Pago;Básico Nacional;Puro;2234262;154077;1254628;60824123.65;4575;328422.68
2024-03-31;1;Elo;Pré-Pago;Intermediário;Puro;16942490;157531;1115200;53737598.41;0;0.00
2024-03-31;1;MasterCard;Crédito;Básico Internacional;Puro;75276509;18828449;232470043;22962050701.91;581993;89033093.61
2024-03-31;1;MasterCard;Crédito;Corporativo;Híbrido;4382003;1559146;22430957;1288792552.26;99365;7819970.76
2024-03-31;1;Elo;Crédito;Empresarial;Puro;540954;335507;7796185;2855854963.79;15798;9583125.78
2024-03-31;1;American Express;Crédito;Básico Nacional;Puro;37057;25505;677102;95761295.87;3209;1155708.83
2024-03-31;1;VISA;Crédito;Básico Nacional;Híbrido;7059743;2831634;12632207;1575752739.59;147;14051.59
2024-06-30;2;VISA;Crédito;Empresarial;Puro;3146577;1768185;47361532;14136218410.96;526561;444249909.17
2024-06-30;2;VISA;Crédito;Básico Nacional;Híbrido;7080947;2682131;11983348;1456410425.20;2069;197391.48
2024-06-30;2;Outras;Crédito;Outros;Puro;1062531;246932;865814;73644259.28;0;0.00
2024-06-30;2;VISA;Crédito;Básico Nacional;Co-branded;6223997;402681;4074251;517299128.29;1393;144266.46
2024-06-30;2;MasterCard;Crédito;Intermediário;Híbrido;4715046;4214210;73576318;11901610139.86;65828;13708552.17
2024-06-30;2;MasterCard;Crédito;Platinum;Puro;21424220;14989033;550415591;67229561086.04;3757401;831864209.37
2024-06-30;2;MasterCard;Débito;Platinum;Co-branded;252307;23870;323750;18994566.34;0;0.00
2024-06-30;2;MasterCard;Pré-Pago;Básico Internacional;Puro;2162916;375765;5834066;348545995.25;35136;5743251.85
2024-06-30;2;VISA;Débito;Básico Nacional;Puro;13931411;7608396;220304640;13903251579.71;4869;538877.10
2024-06-30;2;Elo;Crédito;Corporativo;Puro;28306;11255;133229;109476596.22;857;828517.58
2024-06-30;2;MasterCard;Débito;Intermediário;Co-branded;27204784;7510652;154924006;4576178799.52;0;0.00
2024-06-30;2;MasterCard;Pré-Pago;Básico Nacional;Puro;2134080;144156;1994848;108434039.22;5012;421709.25
2024-06-30;2;Elo;Pré-Pago;Empresarial;Puro;143843;90834;2001053;233333121.11;0;0.00
2024-06-30;2;VISA;Pré-Pago;Corporativo;Puro;1806225;172735;4721864;673542162.33;456644;118513904.88
2024-06-30;2;VISA;Débito;Básico Internacional;Puro;174781226;42712377;1110242848;68528165307.75;27423;5433989.12
2024-06-30;2;Elo;Débito;Outros;Híbrido;168582;91781;429980;49231187.87;0;0.00
2024-06-30;2;MasterCard;Crédito;Premium;Híbrido;12795;10206;736220;229642650.61;22542;12231449.54
2024-06-30;2;Elo;Crédito;Outros;Puro;261863;223376;12596567;2909047456.24;37987;19698570.21
2024-06-30;2;MasterCard;Crédito;Intermediário;Puro;90425923;45804351;1136085142;101772009702.66;6024512;774186814.33
2024-06-30;2;Bandeira própria;Crédito;Intermediário;Puro;145807;30023;2272862;615555038.77;0;0.00
2024-06-30;2;Hipercard;Crédito;Platinum;Puro;461871;426888;11787897;2036867328.67;1;0.01
2024-06-30;2;American Express;Crédito;Premium;Puro;504568;388580;15757149;4227448533.44;373129;365888641.24
2024-06-30;2;MasterCard;Pré-Pago;Premium;Puro;503101;196710;6165254;394859692.91;0;0.00
2024-06-30;2;VISA;Pré-Pago;Básico Internacional;Puro;68105009;14374131;202959206;8569261312.47;1920004;280306352.19
2024-06-30;2;VISA;Crédito;Platinum;Puro;8641378;6320263;279764956;40952878472.80;2086008;721835600.44
2024-06-30;2;Elo;Crédito;Platinum;Puro;184301;123397;3502656;526356733.82;5467;1404945.46
2024-06-30;2;MasterCard;Crédito;Básico Internacional;Híbrido;20920199;7403427;87709904;9808405262.92;92212;13143929.91
2024-06-30;2;VISA;Crédito;Básico Internacional;Co-branded;12822680;3937793;30927460;3674846487.53;49860;6572093.76
2024-06-30;2;VISA;Crédito;Intermediário;Co-branded;14908036;13031313;128402322;13656288088.92;256301;40492245.77
2024-06-30;2;MasterCard;Pré-Pago;Intermediário;Puro;60318579;30695205;1305232639;45529412810.19;0;0.00
2024-06-30;2;American Express;Crédito;Platinum;Puro;428;428;1983;2120886.49;130;1352665.96
2024-06-30;2;Elo;Crédito;Premium;Puro;270120;248100;8812158;1745504909.79;26127;11703965.06
2024-06-30;2;MasterCard;Crédito;Básico Nacional;Puro;6574505;1816694;23293485;2104034509.95;18761;1209273.87
2024-06-30;2;VISA;Crédito;Intermediário;Híbrido;1310589;732524;17695482;2807460797.78;99769;27757835.34
2024-06-30;2;MasterCard;Pré-Pago;Outros;Puro;14380998;989134;6954089;327417025.50;51228;7501334.65
2024-06-30;2;VISA;Crédito;Básico Internacional;Híbrido;9056047;3575179;54308546;6847281288.23;137860;28810485.97
2024-06-30;2;VISA;Débito;Básico Internacional;Híbrido;441373;30517;309539;12541856.63;0;0.00
2024-06-30;2;VISA;Crédito;Empresarial;Híbrido;36397;9769;111194;158056062.98;178;70507.27
2024-06-30;2;Elo;Pré-Pago;Básico Internacional;Puro;38813247;308784;800572;73770619.27;5269;1215106.52
2024-06-30;2;VISA;Crédito;Intermediário;Puro;23274252;12651092;331050583;38344111141.65;1123447;231913160.08
2024-06-30;2;Elo;Débito;Básico Nacional;Puro;204360650;36890803;849737079;49161814854.84;0;0.00
2024-06-30;2;Hipercard;Crédito;Empresarial;Puro;11;3;1;0.01;1;0.01
2024-06-30;2;Elo;Crédito;Básico Internacional;Co-branded;847854;171231;1187454;110211781.30;634;31579.12
2024-06-30;2;VISA;Débito;Platinum;Puro;1948655;1132993;45730362;3877775064.31;884;176112.32
2024-06-30;2;Outras;Débito;Corporativo;Co-branded;31745;40;52;11479.26;0;0.00
2024-06-30;2;MasterCard;Crédito;Corporativo;Co-branded;308367;7938;162666;22158396.24;1507;293860.10
2024-06-30;2;MasterCard;Crédito;Empresarial;Co-branded;9;1;1;0.01;1;0.01
2024-06-30;2;MasterCard;Débito;Premium;Puro;547983;330578;8311374;586307033.27;1124;605372.60
2024-06-30;2;Bandeira própria;Crédito;Outros;Puro;6187252;1775576;15229886;1089579342.43;0;0.00
2024-06-30;2;MasterCard;Crédito;Básico Nacional;Co-branded;11889984;220083;2880974;368632098.92;334;194103.19
2024-06-30;2;Elo;Pré-Pago;Básico Internacional;Co-branded;1565886;1341818;12622484;789186705.91;104;5770.78
2024-06-30;2;Elo;Crédito;Outros;Híbrido;14716;4633;13656;466604.78;0;0.00
2024-06-30;2;VISA;Crédito;Premium;Puro;8308992;5399906;299628810;55302283091.57;4830717;2515942004.74
2024-06-30;2;American Express;Crédito;Corporativo;Puro;58914;42201;1284689;1103460010.84;114427;163025972.97
2024-06-30;2;Elo;Crédito;Básico Internacional;Puro;3137258;1933287;45533039;8085645690.96;61505;27704500.78
2024-06-30;2;MasterCard;Débito;Platinum;Puro;901002;466261;14495373;1036374742.49;4557;2067212.05
2024-06-30;2;Bandeira própria;Débito;Básico Nacional;Puro;23660;8316;566;225399.91;0;0.00
2024-06-30;2;MasterCard;Crédito;Platinum;Co-branded;1170783;904798;28070663;4478378011.56;288503;97995703.12
2024-06-30;2;Elo;Pré-Pago;Corporativo;Puro;414109;339963;1365985;80897518.28;0;0.00
2024-06-30;2;VISA;Pré-Pago;Intermediário;Co-branded;2763;28;374;13263.57;0;0.00
2024-06-30;2;American Express;Crédito;Intermediário;Puro;315511;195772;7637368;1317372600.51;60512;31665624.31
2024-06-30;2;Elo;Pré-Pago;Outros;Puro;4384310;3148317;14681939;638489737.54;0;0.00
2024-06-30;2;MasterCard;Crédito;Premium;Puro;7130821;5169399;387180452;74665054482.04;7541594;3907247085.31
2024-06-30;2;MasterCard;Débito;Empresarial;Puro;2024059;450298;15759342;1016953222.91;64;27605.41
2024-06-30;2;MasterCard;Crédito;Empresarial;Híbrido;42068;21935;515925;148823029.24;6839;3279974.40
2024-06-30;2;VISA;Crédito;Empresarial;Co-branded;451;383;4567;4020655.38;36;6716.89
2024-06-30;2;VISA;Débito;Empresarial;Puro;1981457;728906;27026383;3036151005.21;3208;702522.51
2024-06-30;2;Elo;Pré-Pago;Premium;Puro;6770;0;1427;110816.01;0;0.00
2024-06-30;2;VISA;Débito;Outros;Híbrido;91889;91668;1000194;183651159.95;0;0.00
2024-06-30;2;Elo;Pré-Pago;Intermediário;Puro;17903154;145491;1127109;58115338.02;0;0.00
2024-06-30;2;American Express;Crédito;Platinum;Co-branded;17036;14289;386225;52724535.97;2304;975528.77
2024-06-30;2;Bandeira própria;Crédito;Básico Nacional;Co-branded;6729631;1302874;4336770;593630741.47;0;0.00
2024-06-30;2;VISA;Crédito;Básico Nacional;Puro;9534700;7168478;193680913;18496127693.49;304931;53338867.90
2024-06-30;2;MasterCard;Débito;Básico Nacional;Co-branded;30;5;5;178.70;0;0.00
2024-06-30;2;MasterCard;Crédito;Premium;Co-branded;470241;369048;15190478;3957041306.55;438115;245838078.32
2024-06-30;2;MasterCard;Crédito;Básico Internacional;Co-branded;5536281;1519593;18970601;2434512439.23;39485;6700979.46
2024-06-30;2;Elo;Crédito;Básico Nacional;Co-branded;1012070;558734;3998748;628860456.97;0;0.00
2024-06-30;2;MasterCard;Crédito;Corporativo;Híbrido;5093738;1903489;25640498;1559721482.04;136660;11921487.83
2024-06-30;2;MasterCard;Pré-Pago;Platinum;Puro;9587399;4330983;143992667;6623843360.11;0;0.00
2024-06-30;2;MasterCard;Crédito;Corporativo;Puro;5660226;554759;8117782;3589933661.53;388320;446602599.74
2024-06-30;2;VISA;Crédito;Corporativo;Puro;658358;365254;7086460;3094427291.58;407376;380439738.77
2024-06-30;2;American Express;Crédito;Básico Nacional;Puro;35545;20900;666487;91601215.86;2930;1004145.85
2024-06-30;2;MasterCard;Crédito;Outros;Puro;1911322;1002426;32635533;1829280213.87;8247;1747981.86
2024-06-30;2;Elo;Crédito;Básico Nacional;Puro;3843060;2250936;75886202;8326997564.51;74392;27604677.47
2024-06-30;2;VISA;Crédito;Premium;Co-branded;354158;316927;25386050;6226473469.27;474197;257426083.33
2024-06-30;2;MasterCard;Débito;Básico Internacional;Puro;40298766;12752740;476050925;30958725137.98;51539;11126956.30
2024-06-30;2;VISA;Pré-Pago;Outros;Puro;26522392;7666489;60498790;3130894220.97;104610;16140478.16
2024-06-30;2;Elo;Pré-Pago;Básico Nacional;Puro;3692755;1320;7507;297452.67;0;0.00
2024-06-30;2;MasterCard;Débito;Intermediário;Puro;66231372;42596281;909420978;46019006884.18;38913;7324713.02
2024-06-30;2;Elo;Débito;Básico Internacional;Puro;667957;555503;3021897;172342045.15;15;5956.47
2024-06-30;2;Elo;Crédito;Empresarial;Puro;525980;341125;7914035;3031770281.37;16144;10293631.67
2024-06-30;2;MasterCard;Crédito;Empresarial;Puro;7395531;3238644;59301638;17317959013.47;959683;594803987.35
2024-06-30;2;MasterCard;Crédito;Outros;Co-branded;1095155;14960;9082;336425.02;199;13837.83
2024-06-30;2;VISA;Crédito;Platinum;Co-branded;496722;447125;18315977;2861563276.03;182769;64489508.83
2024-06-30;2;VISA;Débito;Básico Nacional;Co-branded;298979;269081;757253;107300226.00;0;0.00
2024-06-30;2;Bandeira própria;Pré-Pago;Outros;Puro;1051866;975325;445102;285600815.54;0;0.00
2024-06-30;2;MasterCard;Pré-Pago;Empresarial;Puro;3894245;888244;40821795;2327552872.19;4287;786726.74
2024-06-30;2;American Express;Crédito;Empresarial;Puro;29398;20109;604273;421895268.42;27343;44533013.45
2024-06-30;2;MasterCard;Débito;Básico Nacional;Puro;427463;297322;10136146;776628912.16;8;5131.18
2024-06-30;2;Outras;Débito;Empresarial;Puro;707;281;407;76329.33;0;0.00
2024-06-30;2;MasterCard;Débito;Outros;Puro;708942;182247;4928489;240803724.12;1529;876100.68
2024-06-30;2;Outras;Débito;Corporativo;Puro;358649;46216;107613;8657752.84;0;0.00
2024-06-30;2;VISA;Crédito;Platinum;Híbrido;571476;332368;11744885;2278574427.08;140240;56340910.19
2024-06-30;2;VISA;Débito;Intermediário;Puro;10410868;5087609;134632076;7894626340.40;1728;230915.65
2024-06-30;2;Elo;Pré-Pago;Básico Nacional;Co-branded;2078;312;7305;513314.72;0;0.00
2024-06-30;2;VISA;Crédito;Básico Internacional;Puro;31516726;12634933;228618660;23458412327.44;696387;126241379.92
2024-06-30;2;VISA;Pré-Pago;Básico Nacional;Puro;16716665;3954387;58537127;3412386859.66;1106;172045.02
2024-06-30;2;MasterCard;Crédito;Básico Internacional;Puro;78318128;18256730;238880339;24124779819.76;608578;94878461.92
2024-06-30;2;Outras;Débito;Outros;Puro;4113858;1644000;38453436;3914459088.65;0;0.00
2024-06-30;2;Elo;Débito;Empresarial;Puro;1007410;403496;9128410;1170000000.00;0;0.00
2024-06-30;2;Bandeira própria;Crédito;Outros;Co-branded;463332;45532;317989;76954184.38;0;0.00
2024-06-30;2;MasterCard;Débito;Básico Internacional;Co-branded;1348576;99469;2649744;107424525.06;1;63.00
2024-06-30;2;VISA;Pré-Pago;Intermediário;Puro;8563;231;1519;71343.70;0;0.00
2024-06-30;2;VISA;Débito;Outros;Puro;2;2;375;16796.74;0;0.00
2024-06-30;2;VISA;Débito;Premium;Puro;1015968;583957;19485069;1739190279.56;932;180686.30
2024-06-30;2;VISA;Crédito;Premium;Híbrido;28540;23071;2288971;682858024.60;75342;41015608.75
2024-06-30;2;VISA;Crédito;Outros;Puro;2868434;898660;13665847;2186629599.01;178212;160879394.98
2024-06-30;2;Bandeira própria;Crédito;Básico Nacional;Puro;23660;8316;566;225399.91;0;0.00
2024-06-30;2;Bandeira própria;Crédito;Básico Nacional;Híbrido;663861;295470;3014071;533733523.22;0;0.00
2024-06-30;2;MasterCard;Pré-Pago;Corporativo;Puro;3927035;2044984;32997256;1889167218.71;43116;2767579.33
2024-06-30;2;MasterCard;Débito;Premium;Co-branded;102830;15997;187727;12408469.38;0;0.00
2024-06-30;2;Elo;Crédito;Intermediário;Puro;9750700;3373192;52441349;6076939288.05;22534;3071556.87
2024-06-30;2;VISA;Débito;Básico Internacional;Co-branded;559417;34184;587481;5024545.64;908;257.16
2024-06-30;2;MasterCard;Crédito;Básico Nacional;Híbrido;11311387;2449566;51595389;5358529310.49;16683;2794708.84
2024-06-30;2;American Express;Crédito;Premium;Co-branded;33283;25617;574776;127793047.68;10826;12390828.78
2024-06-30;2;MasterCard;Crédito;Platinum;Híbrido;481775;338178;7269056;1500739222.23;76512;27765570.10
2024-06-30;2;MasterCard;Crédito;Intermediário;Co-branded;41257237;21593880;150583966;16417684302.58;277721;49751184.27
2024-06-30;2;Hipercard;Crédito;Intermediário;Puro;398;15;92;8842.56;1;0.01
2024-06-30;2;VISA;Pré-Pago;Empresarial;Puro;1779234;582170;10597683;629763324.23;11982;3529819.75
2024-09-30;3;MasterCard;Crédito;Básico Nacional;Híbrido;11431082;2398075;53382208;5593440181.85;19419;3329961.78
2024-09-30;3;VISA;Crédito;Platinum;Co-branded;472473;418895;18509499;2960374529.53;191396;68030455.26
2024-09-30;3;VISA;Crédito;Premium;Puro;8875134;5632995;326414015;60445170286.30;5494115;2877726876.08
2024-09-30;3;VISA;Crédito;Básico Internacional;Híbrido;9298072;3563168;53904602;6669081113.78;173279;39059624.48
2024-09-30;3;Bandeira própria;Débito;Básico Nacional;Puro;22027;9333;88;10938.97;0;0.00
2024-09-30;3;Elo;Crédito;Premium;Puro;281164;210177;9740731;1983380851.80;28327;12737762.38
2024-09-30;3;Outras;Débito;Empresarial;Puro;707;431;228;43384.28;0;0.00
2024-09-30;3;MasterCard;Crédito;Outros;Co-branded;1095377;15092;14167;658142.60;361;19146.47
2024-09-30;3;VISA;Pré-Pago;Básico Nacional;Puro;17206962;3858818;57769757;3596259731.70;14507;3273634.72
2024-09-30;3;VISA;Crédito;Premium;Híbrido;36096;29433;2722889;877690131.43;139101;78795417.02
2024-09-30;3;Elo;Crédito;Outros;Puro;256085;216436;12693794;2993585718.15;37386;19204859.37
2024-09-30;3;MasterCard;Débito;Básico Nacional;Puro;432810;290127;10375838;801198059.28;6;1018.75
2024-09-30;3;MasterCard;Crédito;Intermediário;Co-branded;46315696;24423009;162338011;17158079537.61;401422;61426743.22
2024-09-30;3;MasterCard;Pré-Pago;Platinum;Puro;9980660;4459153;156200593;7239431673.31;0;0.00
2024-09-30;3;Elo;Débito;Empresarial;Puro;1098446;380847;9230168;1185479808.09;0;0.00
2024-09-30;3;MasterCard;Crédito;Corporativo;Co-branded;308460;10128;115553;17424845.98;1488;155109.43
2024-09-30;3;American Express;Crédito;Empresarial;Puro;31409;21245;657636;456864928.75;29106;47790378.40
2024-09-30;3;MasterCard;Crédito;Intermediário;Híbrido;4765811;4194224;73624437;12105093088.11;93410;20482334.11
2024-09-30;3;Bandeira própria;Crédito;Básico Nacional;Híbrido;662890;291147;2933746;517339263.86;0;0.00
2024-09-30;3;MasterCard;Crédito;Platinum;Puro;21964463;15202239;565720192;69359342433.99;3831900;849837964.65
2024-09-30;3;American Express;Crédito;Básico Nacional;Puro;34407;24692;640257;91463999.98;3102;1132872.14
2024-09-30;3;American Express;Crédito;Platinum;Co-branded;16132;13153;371225;50468597.94;2243;847138.84
2024-09-30;3;VISA;Pré-Pago;Outros;Puro;26555877;7421246;54138513;2864401716.23;102835;16212476.40
2024-09-30;3;VISA;Débito;Empresarial;Puro;2230894;794448;29462173;3238333605.73;3827;880999.71
2024-09-30;3;MasterCard;Crédito;Corporativo;Puro;5714161;635124;8406977;4038771029.25;373602;448451026.96
2024-09-30;3;MasterCard;Crédito;Básico Internacional;Co-branded;5550842;1449346;18393457;2354000726.33;43476;6939548.54
2024-09-30;3;Elo;Pré-Pago;Premium;Puro;6770;0;999;78979.58;0;0.00
2024-09-30;3;VISA;Débito;Básico Internacional;Puro;184445478;45464319;1195125915;73119477410.80;32514;7074785.47
2024-09-30;3;VISA;Pré-Pago;Empresarial;Puro;1682123;559847;10272164;622366741.66;8387;1954283.19
2024-09-30;3;VISA;Débito;Básico Nacional;Puro;13801946;7536410;228465899;14409568654.38;8238;858547.96
2024-09-30;3;Elo;Crédito;Empresarial;Puro;456569;313150;7947880;3160853965.47;20515;11284206.94
2024-09-30;3;VISA;Débito;Intermediário;Puro;10331983;5030414;134959970;7966094983.67;2079;272640.90
2024-09-30;3;MasterCard;Débito;Básico Nacional;Co-branded;30;2;6;264.78;0;0.00
2024-09-30;3;MasterCard;Crédito;Outros;Puro;3048550;969545;28195895;1586493639.15;9228;1736678.25
2024-09-30;3;American Express;Crédito;Platinum;Puro;165;165;2161;1451441.98;257;10273512.99
2024-09-30;3;American Express;Crédito;Corporativo;Puro;58085;42355;1299093;1178094914.49;100141;131111328.92
2024-09-30;3;Bandeira própria;Crédito;Intermediário;Puro;145561;30537;2235679;614263270.99;0;0.00
2024-09-30;3;Elo;Crédito;Outros;Híbrido;9762;5516;8084;5128141.00;0;0.00
2024-09-30;3;VISA;Crédito;Platinum;Híbrido;590619;341605;12043789;2386367849.81;243926;100035846.59
2024-09-30;3;VISA;Débito;Premium;Puro;1179474;693473;23049753;2049036370.33;909;162436.68
2024-09-30;3;MasterCard;Crédito;Platinum;Co-branded;1225524;954697;30663790;4889894413.20;311824;105441448.79
2024-09-30;3;Elo;Crédito;Básico Internacional;Co-branded;844035;150276;1117818;103414839.80;311;29438.73
2024-09-30;3;Elo;Pré-Pago;Corporativo;Puro;484411;404200;1498438;90273093.70;0;0.00
2024-09-30;3;Elo;Crédito;Básico Nacional;Puro;3940827;2295667;80306838;8756276200.27;81658;29790655.70
2024-09-30;3;VISA;Crédito;Outros;Puro;5328961;1197719;15143312;2903434774.65;242086;220745303.70
2024-09-30;3;Elo;Crédito;Básico Internacional;Puro;2628785;1745531;45379000;8246392541.78;63501;29540498.18
2024-09-30;3;MasterCard;Crédito;Básico Nacional;Co-branded;11881338;210077;2760412;353017546.64;205;121563.98
2024-09-30;3;VISA;Crédito;Corporativo;Puro;677068;371731;7331136;3289232920.18;392161;376173585.75
2024-09-30;3;VISA;Débito;Básico Internacional;Co-branded;621045;33316;598710;4936464.26;48;34.04
2024-09-30;3;Outras;Crédito;Outros;Puro;1049958;236893;846227;70557077.82;0;0.00
2024-09-30;3;MasterCard;Pré-Pago;Empresarial;Puro;4022253;940899;44443758;2535006323.69;3357;618613.90
2024-09-30;3;VISA;Crédito;Empresarial;Co-branded;353;332;3780;2810179.47;33;7291.31
2024-09-30;3;American Express;Crédito;Premium;Puro;495769;389063;15655210;4210337537.54;396443;411902118.33
2024-09-30;3;VISA;Crédito;Básico Nacional;Co-branded;6256396;402779;4041892;520759640.45;2327;209303.28
2024-09-30;3;Bandeira própria;Pré-Pago;Outros;Puro;1031379;916285;411636;317260340.65;0;0.00
2024-09-30;3;VISA;Débito;Básico Internacional;Híbrido;441416;26076;274726;11184921.50;0;0.00
2024-09-30;3;Elo;Crédito;Intermediário;Puro;9194063;3229316;55826923;6699433296.93;16115;2701991.62
2024-09-30;3;MasterCard;Crédito;Intermediário;Puro;91851842;45394495;1132232948;102780690747.90;6170537;811747420.43
2024-09-30;3;MasterCard;Débito;Empresarial;Puro;2107753;457575;16433004;1074044823.86;94;47183.82
2024-09-30;3;VISA;Crédito;Platinum;Puro;8643479;6273035;284849440;42014754744.92;2227013;753607519.14
2024-09-30;3;Elo;Pré-Pago;Básico Nacional;Co-branded;2280;308;6130;459299.55;0;0.00
2024-09-30;3;MasterCard;Crédito;Premium;Híbrido;29688;19238;966838;332637985.66;42619;25127637.48
2024-09-30;3;MasterCard;Débito;Básico Internacional;Co-branded;1290252;87782;2283998;93467557.72;0;0.00
2024-09-30;3;MasterCard;Crédito;Premium;Co-branded;519469;405473;17403210;4749799775.10;523942;310524122.38
2024-09-30;3;MasterCard;Débito;Intermediário;Co-branded;28372434;7600198;160901378;4781382451.15;0;0.00
2024-09-30;3;Elo;Pré-Pago;Básico Internacional;Co-branded;2108524;1501557;15943698;986966655.20;140;10582.48
2024-09-30;3;Elo;Débito;Básico Internacional;Puro;658048;536200;2095262;116506284.61;2;913.41
2024-09-30;3;MasterCard;Débito;Básico Internacional;Puro;39769971;12379747;476294959;30978731561.15;40849;9865041.65
2024-09-30;3;Elo;Pré-Pago;Outros;Puro;3253423;2959689;13404062;620625754.47;0;0.00
2024-09-30;3;Bandeira própria;Crédito;Básico Nacional;Puro;22027;9333;88;10938.97;0;0.00
2024-09-30;3;VISA;Pré-Pago;Premium;Puro;3833787;40;4;245.52;0;0.00
2024-09-30;3;VISA;Débito;Básico Nacional;Co-branded;308075;277268;721498;100801242.00;0;0.00
2024-09-30;3;VISA;Crédito;Empresarial;Híbrido;24906;9289;107103;144268993.94;181;91263.45
2024-09-30;3;Hipercard;Crédito;Empresarial;Puro;11;3;1;0.01;1;0.01
2024-09-30;3;Outras;Débito;Corporativo;Puro;363697;45148;86445;7318276.49;0;0.00
2024-09-30;3;MasterCard;Pré-Pago;Corporativo;Puro;4021576;1958250;15971467;914196996.96;39666;1945491.32
2024-09-30;3;Elo;Débito;Outros;Híbrido;172826;108753;490541;53153146.89;0;0.00
2024-09-30;3;Elo;Pré-Pago;Empresarial;Puro;170051;108869;2262097;262447597.12;0;0.00
2024-09-30;3;VISA;Pré-Pago;Intermediário;Puro;10752;330;1849;78190.96;0;0.00
2024-09-30;3;VISA;Crédito;Premium;Co-branded;381012;343686;28215247;7204761553.94;559310;312281731.01
2024-09-30;3;Elo;Pré-Pago;Intermediário;Puro;18555762;102515;1025858;48163999.48;0;0.00
2024-09-30;3;MasterCard;Débito;Intermediário;Puro;67781162;43498183;926697804;46424166563.56;24975;5109412.20
2024-09-30;3;VISA;Pré-Pago;Corporativo;Puro;1495856;172356;4796388;709597933.62;473468;125839407.77
2024-09-30;3;MasterCard;Crédito;Premium;Puro;7744803;5596573;425528789;81684828266.87;8384099;4326580769.31
2024-09-30;3;MasterCard;Débito;Premium;Co-branded;108459;17953;217887;13999346.38;0;0.00
2024-09-30;3;MasterCard;Crédito;Empresarial;Co-branded;11;1;1;0.01;1;0.01
2024-09-30;3;Hipercard;Crédito;Platinum;Puro;296380;277375;7506658;1293505755.38;1;0.01
2024-09-30;3;Elo;Crédito;Básico Nacional;Co-branded;1138868;597656;4521645;735506938.01;0;0.00
2024-09-30;3;MasterCard;Débito;Platinum;Puro;915143;447611;14433409;1036216382.27;3734;1799194.02
2024-09-30;3;MasterCard;Crédito;Básico Internacional;Puro;82272788;18896587;253394484;25463664679.28;678157;106568413.40
2024-09-30;3;Elo;Débito;Básico Nacional;Puro;201477822;32970461;786186437;45312635504.71;0;0.00
2024-09-30;3;VISA;Pré-Pago;Básico Internacional;Puro;75182514;15427560;220174567;9178555216.42;2114559;290769233.20
2024-09-30;3;MasterCard;Crédito;Básico Nacional;Puro;5922185;1765684;23265672;2126061688.19;11204;1066235.03
2024-09-30;3;Bandeira própria;Crédito;Outros;Co-branded;459767;39289;283292;68787485.37;0;0.00
2024-09-30;3;VISA;Crédito;Básico Nacional;Híbrido;7090896;2526257;10810025;1363931450.35;1972;181484.65
2024-09-30;3;VISA;Crédito;Intermediário;Co-branded;18464634;16316708;144244920;16097273334.33;293393;46350937.23
2024-09-30;3;MasterCard;Pré-Pago;Outros;Puro;14129891;856989;6078279;290178014.17;48152;6163356.75
2024-09-30;3;VISA;Crédito;Intermediário;Híbrido;1320692;727814;17410319;2831143453.62;150034;44261157.04
2024-09-30;3;MasterCard;Pré-Pago;Básico Internacional;Puro;2489144;486343;8210213;435839281.49;45395;8035155.88
2024-09-30;3;MasterCard;Crédito;Platinum;Híbrido;526584;358497;7817740;1657727252.05;138608;54094051.13
2024-09-30;3;MasterCard;Débito;Platinum;Co-branded;262096;29895;414015;23653738.98;0;0.00
2024-09-30;3;American Express;Crédito;Intermediário;Puro;306497;219846;7548339;1321752983.16;61375;33040210.83
2024-09-30;3;Hipercard;Crédito;Intermediário;Puro;396;15;51;6458.85;1;0.01
2024-09-30;3;VISA;Crédito;Básico Nacional;Puro;9806956;7274071;199561546;19144661951.21;346949;61095260.84
2024-09-30;3;VISA;Crédito;Básico Internacional;Co-branded;13086818;3898570;31248806;3667893022.78;61106;7918629.62
2024-09-30;3;Outras;Débito;Outros;Puro;4127695;1666862;39298519;3958943623.85;0;0.00
2024-09-30;3;Elo;Crédito;Corporativo;Puro;39028;11365;138164;105495032.27;704;705803.22
2024-09-30;3;MasterCard;Crédito;Empresarial;Puro;7830628;3369019;64900222;18812732844.55;1068111;634539357.23
2024-09-30;3;Bandeira própria;Crédito;Básico Nacional;Co-branded;7079449;1380694;4494538;621461341.05;0;0.00
2024-09-30;3;Bandeira própria;Crédito;Outros;Puro;6459211;2240790;9380043;1070804798.35;0;0.00
2024-09-30;3;MasterCard;Pré-Pago;Básico Nacional;Puro;2194556;84360;2194402;122153893.74;4476;305724.69
2024-09-30;3;MasterCard;Débito;Premium;Puro;578063;348752;8927746;633671496.44;930;589612.89
2024-09-30;3;MasterCard;Pré-Pago;Intermediário;Puro;62547790;30857753;1337192906;46748291599.64;1;0.01
2024-09-30;3;MasterCard;Crédito;Corporativo;Híbrido;5829416;2108953;30076459;1818949208.74;200404;16499595.10
2024-09-30;3;MasterCard;Pré-Pago;Premium;Puro;605127;233934;7690423;496177157.24;0;0.00
2024-09-30;3;MasterCard;Crédito;Básico Internacional;Híbrido;21779528;7390968;89110807;10160209332.07;112455;16896054.62
2024-09-30;3;VISA;Pré-Pago;Intermediário;Co-branded;15029;118;750;41225.25;0;0.00
2024-09-30;3;Elo;Crédito;Platinum;Puro;137939;99959;3654322;551209383.92;5859;1479307.01
2024-09-30;3;VISA;Débito;Platinum;Puro;5829503;2968097;48956581;4120593602.54;701;141007.84
2024-09-30;3;VISA;Crédito;Intermediário;Puro;22882973;12303631;341283238;39651162878.29;1248833;256773027.06
2024-09-30;3;American Express;Crédito;Premium;Co-branded;34623;27341;598852;131561165.55;16376;17448554.87
2024-09-30;3;VISA;Débito;Outros;Híbrido;101563;51352;963568;183661772.99;0;0.00
2024-09-30;3;Elo;Pré-Pago;Básico Internacional;Puro;39347493;215959;615663;65222537.10;5856;1247857.42
2024-09-30;3;MasterCard;Débito;Outros;Puro;741164;183730;5099014;249690406.61;1136;826892.57
2024-09-30;3;Elo;Pré-Pago;Básico Nacional;Puro;2215653;781;4610;192930.43;0;0.00
2024-09-30;3;VISA;Crédito;Empresarial;Puro;3215232;1783436;49022618;15034623381.16;564762;468977943.20
2024-09-30;3;VISA;Crédito;Básico Internacional;Puro;33012657;12081556;233428752;24033931018.75;779559;141631912.55
2024-09-30;3;Outras;Débito;Corporativo;Co-branded;31745;364;54;11481.74;0;0.00
2024-09-30;3;MasterCard;Crédito;Empresarial;Híbrido;42940;21665;530356;157145837.96;7309;3459183.14
2024-12-31;4;MasterCard;Crédito;Platinum;Co-branded;1289283;1031820;32979594;5525362215.20;306122;104189851.49
2024-12-31;4;VISA;Débito;Empresarial;Puro;2793642;866397;32252046;3557390279.14;3840;932661.70
2024-12-31;4;Elo;Débito;Empresarial;Puro;1062155;352712;8818339;1153679732.81;0;0.00
2024-12-31;4;Elo;Débito;Outros;Híbrido;193313;109267;422632;46166846.42;0;0.00
2024-12-31;4;VISA;Crédito;Corporativo;Puro;686763;374386;7371364;3593816217.49;427300;416808709.59
2024-12-31;4;MasterCard;Débito;Básico Internacional;Co-branded;1278246;41952;2077075;90010986.70;0;0.00
2024-12-31;4;VISA;Débito;Platinum;Puro;6125555;3015183;46736911;4074281068.83;568;169121.19
2024-12-31;4;VISA;Crédito;Premium;Co-branded;405291;366901;30984686;8379123991.16;549232;309339493.05
2024-12-31;4;VISA;Crédito;Platinum;Co-branded;454339;398306;19013554;3215693325.91;180728;66735865.08
2024-12-31;4;MasterCard;Débito;Premium;Puro;616244;300676;9646254;720072635.62;1024;603305.36
2024-12-31;4;VISA;Crédito;Platinum;Puro;8646678;6309881;287075885;43842118053.28;1999927;677333574.62
2024-12-31;4;MasterCard;Crédito;Básico Internacional;Co-branded;5509384;1384533;18615231;2507554261.89;41689;7173378.09
2024-12-31;4;VISA;Pré-Pago;Básico Internacional;Puro;83876762;16691826;242717587;10597087283.73;1907010;273852871.78
2024-12-31;4;VISA;Crédito;Intermediário;Híbrido;1356191;743305;17775719;3029951273.15;138757;42378475.26
2024-12-31;4;VISA;Pré-Pago;Empresarial;Puro;2047870;588251;9793287;615674011.80;7009;1200868.01
2024-12-31;4;American Express;Crédito;Platinum;Puro;181;104;3118;4212976.91;431;10192417.91
2024-12-31;4;VISA;Crédito;Básico Nacional;Puro;10206758;7378427;198083667;19384358419.27;341208;58779645.57
2024-12-31;4;Elo;Pré-Pago;Empresarial;Puro;210546;145148;2367432;265918597.56;0;0.00
2024-12-31;4;MasterCard;Débito;Básico Internacional;Puro;33182826;10877948;477300252;31911913072.19;37702;10439081.41
2024-12-31;4;VISA;Pré-Pago;Premium;Puro;8;1;5;51.89;0;0.00
2024-12-31;4;VISA;Pré-Pago;Outros;Puro;25649338;7087037;49005090;2693268397.65;97544;16425221.80
2024-12-31;4;Elo;Crédito;Outros;Híbrido;9770;5534;7466;4693088.00;0;0.00
2024-12-31;4;VISA;Crédito;Intermediário;Co-branded;19972671;17801383;159000358;19691338057.46;321050;52180055.09
2024-12-31;4;Outras;Débito;Corporativo;Puro;107423;107423;188881;10165407.22;0;0.00
2024-12-31;4;MasterCard;Débito;Intermediário;Co-branded;29760788;5024634;173564086;5476252899.85;0;0.00
2024-12-31;4;VISA;Débito;Básico Internacional;Híbrido;441423;21662;255178;10586369.77;0;0.00
2024-12-31;4;Outras;Débito;Empresarial;Puro;110;110;154;32422.01;0;0.00
2024-12-31;4;MasterCard;Crédito;Platinum;Híbrido;560999;381054;8570157;1881997997.77;135062;55020590.18
2024-12-31;4;MasterCard;Crédito;Básico Nacional;Híbrido;11585485;2322307;56484391;6106475154.07;21920;3414248.37
2024-12-31;4;MasterCard;Crédito;Corporativo;Híbrido;6415139;2359175;35068056;2247243767.11;327087;18524516.12
2024-12-31;4;MasterCard;Crédito;Outros;Puro;2944983;916825;19495288;1124963122.76;253706;2452380.61
2024-12-31;4;VISA;Crédito;Básico Internacional;Co-branded;13448217;3875502;32724749;4118205349.68;67567;9033911.39
2024-12-31;4;Elo;Pré-Pago;Intermediário;Puro;19181313;139024;922214;43352173.05;0;0.00
2024-12-31;4;Elo;Débito;Básico Nacional;Puro;177861487;28179495;689857442;41199348775.13;0;0.00
2024-12-31;4;VISA;Crédito;Básico Nacional;Híbrido;6712824;2064111;9567670;1218861565.63;1833;175915.46
2024-12-31;4;Elo;Crédito;Platinum;Puro;143556;128069;3914430;609892956.85;5780;1649509.44
2024-12-31;4;Hipercard;Crédito;Platinum;Puro;278021;259516;5078988;923404845.92;1;0.01
2024-12-31;4;MasterCard;Débito;Outros;Puro;783350;185504;5399635;280805086.88;1465;1058205.03
2024-12-31;4;VISA;Débito;Básico Internacional;Puro;186843491;47613952;1346066746;85023242953.26;30953;6672717.82
2024-12-31;4;Elo;Crédito;Outros;Puro;252863;211879;12343449;2986695863.05;37517;20856602.35
2024-12-31;4;MasterCard;Crédito;Empresarial;Co-branded;15;4;1;0.01;1;0.01
2024-12-31;4;VISA;Pré-Pago;Corporativo;Puro;1543266;170755;4543059;629687868.67;464390;126287721.32
2024-12-31;4;MasterCard;Pré-Pago;Básico Nacional;Puro;2225551;124277;2290113;134032593.67;4150;327788.48
2024-12-31;4;MasterCard;Pré-Pago;Premium;Puro;648224;250026;8892296;607041900.42;0;0.00
2024-12-31;4;Elo;Crédito;Premium;Puro;310153;294445;11542896;2449337977.01;33617;17369447.54
2024-12-31;4;Elo;Pré-Pago;Corporativo;Puro;587777;501881;1858475;120939516.87;0;0.00
2024-12-31;4;Outras;Crédito;Outros;Puro;1031630;229115;807598;69854612.57;0;0.00
2024-12-31;4;MasterCard;Crédito;Intermediário;Híbrido;4835764;4126303;76617392;13360260482.88;94534;22544679.69
2024-12-31;4;MasterCard;Crédito;Premium;Puro;8299752;5992926;469676658;93592524204.80;8001723;4239234743.60
2024-12-31;4;MasterCard;Crédito;Corporativo;Co-branded;249004;10711;97642;13436924.73;1252;228950.14
2024-12-31;4;MasterCard;Crédito;Empresarial;Híbrido;44416;21702;656870;192709332.77;9780;4667562.74
2024-12-31;4;MasterCard;Crédito;Intermediário;Puro;97579022;45941743;1189509758;110948351616.75;6354136;822666835.44
2024-12-31;4;MasterCard;Crédito;Empresarial;Puro;8448531;3520960;70822147;20704647626.28;1149166;673326945.24
2024-12-31;4;Elo;Pré-Pago;Básico Nacional;Co-branded;2655;402;4143;663498.45;0;0.00
2024-12-31;4;Bandeira própria;Crédito;Básico Nacional;Co-branded;7421638;1477059;4843239;727889852.84;0;0.00
2024-12-31;4;American Express;Crédito;Premium;Co-branded;36591;29642;541952;125065503.81;15240;14720531.59
2024-12-31;4;Outras;Débito;Outros;Puro;4129391;1668714;42082131;4337874696.35;0;0.00
2024-12-31;4;MasterCard;Crédito;Premium;Híbrido;44598;31797;1398639;530789807.47;60205;36625978.76
2024-12-31;4;American Express;Crédito;Premium;Puro;496251;404409;15273027;4275092070.58;358090;360079374.42
2024-12-31;4;MasterCard;Débito;Intermediário;Puro;72230621;41970005;998185043;51859485246.34;17160;4423212.35
2024-12-31;4;VISA;Crédito;Básico Internacional;Puro;35369555;14042267;255320539;26223380587.76;756750;133883696.06
2024-12-31;4;Elo;Crédito;Intermediário;Puro;9400942;3593808;56227877;6998458831.14;15568;2933710.89
2024-12-31;4;Elo;Crédito;Básico Internacional;Co-branded;841005;122503;1102485;106939962.82;227;25859.69
2024-12-31;4;MasterCard;Pré-Pago;Básico Internacional;Puro;3302363;655561;12245908;636133657.33;82867;9525158.69
2024-12-31;4;MasterCard;Crédito;Básico Internacional;Híbrido;22843915;7479390;96333517;11673603703.55;133478;19580187.48
2024-12-31;4;VISA;Pré-Pago;Intermediário;Co-branded;31447;299;2643;146729.00;0;0.00
2024-12-31;4;Outras;Débito;Corporativo;Co-branded;1292;1292;30;7982.72;0;0.00
2024-12-31;4;VISA;Débito;Premium;Puro;1376489;815380;29558329;2731833474.32;1088;297413.13
2024-12-31;4;MasterCard;Débito;Premium;Co-branded;125335;13711;298391;19616765.56;0;0.00
2024-12-31;4;MasterCard;Crédito;Básico Internacional;Puro;85148832;18770850;259325689;26568788726.53;688650;110545017.06
2024-12-31;4;Elo;Pré-Pago;Básico Nacional;Puro;332858;238;2201;84005.44;0;0.00
2024-12-31;4;Elo;Pré-Pago;Outros;Puro;2511241;1827545;15874177;1091811290.92;0;0.00
2024-12-31;4;VISA;Crédito;Premium;Puro;9429213;5938240;358710499;68886502384.72;5188449;2844060231.90
2024-12-31;4;MasterCard;Crédito;Outros;Co-branded;1095481;15137;11883;950259.99;221;16917.33
2024-12-31;4;MasterCard;Crédito;Corporativo;Puro;1232511;1084742;8572848;4312745952.27;412625;495414896.43
2024-12-31;4;VISA;Crédito;Empresarial;Puro;3345522;1837766;51148825;15982667473.09;598542;489838790.68
2024-12-31;4;VISA;Pré-Pago;Intermediário;Puro;12926;463;3752;211128.40;0;0.00
2024-12-31;4;American Express;Crédito;Intermediário;Puro;302172;225117;7439843;1334398280.26;56886;31935037.55
2024-12-31;4;VISA;Crédito;Básico Nacional;Co-branded;6281337;399480;4158720;558839073.56;3106;281488.63
2024-12-31;4;MasterCard;Débito;Básico Nacional;Co-branded;30;1;8;139.13;0;0.00
2024-12-31;4;MasterCard;Pré-Pago;Corporativo;Puro;4046856;1763097;2842140;157596777.87;29898;624556.98
2024-12-31;4;MasterCard;Débito;Platinum;Puro;939375;377449;14046435;1051214302.44;3331;1928575.21
2024-12-31;4;Bandeira própria;Crédito;Intermediário;Puro;146980;31953;2233068;604581920.43;0;0.00
2024-12-31;4;VISA;Débito;Básico Nacional;Co-branded;224762;202286;692325;97525557.00;0;0.00
2024-12-31;4;Bandeira própria;Crédito;Básico Nacional;Híbrido;663305;287250;2978625;541313672.69;0;0.00
2024-12-31;4;VISA;Débito;Intermediário;Puro;10258141;4879883;137836599;8565766279.91;2355;338054.85
2024-12-31;4;American Express;Pré-Pago;Platinum;Puro;4;2;103;208276.10;12;1212.16
2024-12-31;4;Elo;Débito;Básico Internacional;Puro;629145;513171;2599082;150998786.99;16;9916.76
2024-12-31;4;American Express;Crédito;Platinum;Co-branded;15452;12165;348592;48365023.17;1804;836866.53
2024-12-31;4;MasterCard;Débito;Básico Nacional;Puro;410752;271763;10358071;833533562.21;20;16209.68
2024-12-31;4;Elo;Crédito;Básico Internacional;Puro;2624591;1817275;45132836;8405490515.60;63269;30027222.92
2024-12-31;4;Elo;Pré-Pago;Premium;Puro;6770;0;712;37042.23;0;0.00
2024-12-31;4;MasterCard;Crédito;Intermediário;Co-branded;51025959;26291963;176184171;19326873802.78;448810;64053878.41
2024-12-31;4;VISA;Pré-Pago;Platinum;Puro;121;3;19;458.60;0;0.00
2024-12-31;4;Bandeira própria;Pré-Pago;Outros;Puro;2044903;1903924;2750491;479521225.59;0;0.00
2024-12-31;4;Elo;Pré-Pago;Básico Internacional;Puro;762217;125947;654448;59926552.36;6292;1493564.17
2024-12-31;4;VISA;Pré-Pago;Básico Nacional;Puro;17611496;3641842;50896543;3435942077.12;11776;1792583.25
2024-12-31;4;MasterCard;Crédito;Premium;Co-branded;600792;463140;20520926;5933026016.48;535807;324981798.08
2024-12-31;4;Elo;Crédito;Básico Nacional;Co-branded;1262266;627417;4834679;785378562.41;0;0.00
2024-12-31;4;MasterCard;Crédito;Básico Nacional;Puro;6114726;1809975;23995595;2191810713.94;11265;1075106.78
2024-12-31;4;VISA;Crédito;Básico Internacional;Híbrido;9160524;3405867;51927946;6635449599.64;168132;40335448.93
2024-12-31;4;VISA;Crédito;Platinum;Híbrido;632097;360663;12751662;2625289871.51;228513;100052097.46
2024-12-31;4;Outras;Crédito;Básico Internacional;Puro;966527;430452;48345;4547480.15;0;0.00
2024-12-31;4;VISA;Crédito;Empresarial;Híbrido;22748;8919;106565;156790126.83;399;192281.09
2024-12-31;4;American Express;Crédito;Corporativo;Puro;57735;43088;1205127;1112619561.89;103043;130006521.93
2024-12-31;4;American Express;Crédito;Empresarial;Puro;32917;22794;686580;487868409.73;30916;48185433.24
2024-12-31;4;Bandeira própria;Crédito;Outros;Puro;6793434;2281009;13774220;1229640328.02;0;0.00
2024-12-31;4;VISA;Débito;Básico Nacional;Puro;14212736;7295607;235048760;15348261893.01;12303;968727.20
2024-12-31;4;MasterCard;Crédito;Platinum;Puro;22415560;15338196;597652954;76199839816.79;3815489;822523363.99
2024-12-31;4;American Express;Crédito;Básico Nacional;Puro;33287;25180;623924;91012941.73;3027;1096671.64
2024-12-31;4;VISA;Crédito;Premium;Híbrido;47265;39257;3263380;1144237078.30;147624;87764973.45
2024-12-31;4;VISA;Crédito;Empresarial;Co-branded;258;125;2190;1603853.00;29;29438.08
2024-12-31;4;Elo;Crédito;Básico Nacional;Puro;4128964;2433502;84845452;9308502966.57;85313;31685024.01
2024-12-31;4;VISA;Crédito;Intermediário;Puro;23657048;13087160;360215405;43493241941.43;1277560;256538132.93
2024-12-31;4;Hipercard;Crédito;Intermediário;Puro;397;15;39;5813.24;1;0.01
2024-12-31;4;MasterCard;Débito;Platinum;Co-branded;298239;29249;699886;39539498.92;0;0.00
2024-12-31;4;MasterCard;Pré-Pago;Platinum;Puro;10358699;4580900;170131592;8313532585.42;0;0.00
2024-12-31;4;VISA;Débito;Básico Internacional;Co-branded;672621;33665;641449;4942824.88;90;42.62
2024-12-31;4;Elo;Pré-Pago;Básico Internacional;Co-branded;172779;94525;1300393;93303602.14;176;10593.14
2024-12-31;4;VISA;Débito;Outros;Híbrido;101564;51359;990623;189564640.61;0;0.00
2024-12-31;4;Elo;Crédito;Empresarial;Puro;419012;316762;7605306;3235374002.72;17005;11450284.76
2024-12-31;4;MasterCard;Débito;Empresarial;Puro;1732038;327460;17083747;1163715748.58;163;73559.21
2024-12-31;4;VISA;Crédito;Outros;Puro;7712645;2251779;50975139;5072278516.59;263719;221925162.45
2024-12-31;4;MasterCard;Pré-Pago;Outros;Puro;13975279;157477;2555611;161849656.27;41097;3324152.45
2024-12-31;4;MasterCard;Pré-Pago;Intermediário;Puro;64367438;31090715;1393515341;51300597854.09;1;0.01
2024-12-31;4;MasterCard;Pré-Pago;Empresarial;Puro;4302818;929210;48219710;2851027044.93;2365;421568.19
2024-12-31;4;Elo;Crédito;Corporativo;Puro;25910;13879;144965;108688948.83;769;790480.93
2024-12-31;4;MasterCard;Crédito;Básico Nacional;Co-branded;11879598;193937;2880287;385369844.12;85;86188.49
2025-03-31;1;MasterCard;Débito;Básico Nacional;Puro;401600;269408;9352059;738910681.16;11;7378.57
2025-03-31;1;MasterCard;Débito;Intermediário;Co-branded;32835202;7874149;165364516;5026808153.61;0;0.00
2025-03-31;1;MasterCard;Crédito;Corporativo;Puro;1123615;968830;8067172;4159794593.42;386377;470422731.60
2025-03-31;1;MasterCard;Pré-Pago;Corporativo;Puro;4067021;1466760;554140;20101229.22;437;79598.31
2025-03-31;1;VISA;Crédito;Platinum;Co-branded;416679;363647;17425415;2887251249.00;160502;60105926.42
2025-03-31;1;VISA;Débito;Básico Internacional;Híbrido;441424;17793;219100;10245106.97;0;0.00
2025-03-31;1;VISA;Pré-Pago;Intermediário;Puro;14915;0;3968;260374.93;0;0.00
2025-03-31;1;VISA;Pré-Pago;Outros;Puro;24320182;6680001;41341342;2385950057.19;81635;12762000.58
2025-03-31;1;MasterCard;Crédito;Premium;Híbrido;68495;50330;1878595;687456801.30;77985;42607629.05
2025-03-31;1;American Express;Crédito;Empresarial;Puro;33303;23931;695962;486808588.84;29802;50518480.98
2025-03-31;1;Elo;Pré-Pago;Intermediário;Puro;19516421;137846;828233;37062442.34;0;0.00
2025-03-31;1;MasterCard;Crédito;Premium;Co-branded;744677;588848;21759277;6029241023.83;561966;361393828.29
2025-03-31;1;MasterCard;Crédito;Outros;Puro;2769865;851127;14692382;882241567.93;6212;1118247.14
2025-03-31;1;MasterCard;Crédito;Básico Nacional;Híbrido;11450157;1967746;52944869;5685513431.30;20688;3000178.87
2025-03-31;1;MasterCard;Crédito;Básico Nacional;Puro;6184338;1838284;24219420;2145491902.79;10733;968136.32
2025-03-31;1;Elo;Crédito;Premium;Puro;343243;314121;11413330;2355053119.39;34482;18447027.95
2025-03-31;1;Outras;Pré-Pago;Outros;Puro;7507200;3173750;261605207;6694971256.53;0;0.00
2025-03-31;1;VISA;Crédito;Básico Nacional;Co-branded;6309725;395721;3778980;496349188.81;3412;264682.22
2025-03-31;1;American Express;Crédito;Platinum;Puro;567;334;3635;3970999.49;692;6421414.34
2025-03-31;1;VISA;Pré-Pago;Premium;Puro;41;25;248;7932.08;0;0.00
2025-03-31;1;Hipercard;Crédito;Platinum;Puro;29432;10788;4029316;720742581.27;1;0.01
2025-03-31;1;Outras;Crédito;Básico Internacional;Puro;988982;399300;30480;2697701.06;0;0.00
2025-03-31;1;MasterCard;Crédito;Corporativo;Híbrido;6994472;2372103;35973420;2237319780.68;390341;20557382.14
2025-03-31;1;VISA;Débito;Básico Internacional;Puro;225274279;50328520;1322200509;80814641092.30;30583;6151304.34
2025-03-31;1;MasterCard;Crédito;Platinum;Co-branded;1525690;1246544;31971378;5208046727.93;282856;97413488.32
2025-03-31;1;VISA;Débito;Platinum;Puro;6821894;3064798;42112153;3554389864.12;33223;5497565.90
2025-03-31;1;VISA;Crédito;Corporativo;Puro;683712;371268;6280550;2637768256.23;341221;370867713.10
2025-03-31;1;VISA;Crédito;Empresarial;Co-branded;227;111;1842;1727030.89;10;3517.92
2025-03-31;1;MasterCard;Crédito;Platinum;Híbrido;596107;397735;8597282;1796642745.43;124911;48814986.24
2025-03-31;1;VISA;Crédito;Outros;Puro;7973802;2444860;59361771;5658289830.95;303198;279094358.10
2025-03-31;1;Bandeira própria;Crédito;Outros;Puro;7030502;2421356;12890408;1116104324.51;0;0.00
2025-03-31;1;VISA;Débito;Premium;Puro;1468947;882599;31476053;2773280088.11;1305;308561.69
2025-03-31;1;Outras;Crédito;Outros;Puro;8565951;3404536;262458674;6765588794.30;0;0.00
2025-03-31;1;Elo;Crédito;Básico Internacional;Co-branded;838051;102453;961758;88615532.99;151;28723.08
2025-03-31;1;MasterCard;Crédito;Básico Nacional;Co-branded;11875908;173415;2565008;338514673.15;93;34496.10
2025-03-31;1;VISA;Crédito;Básico Nacional;Puro;10535921;7518243;194248980;19150049134.96;350439;76686255.79
2025-03-31;1;VISA;Pré-Pago;Platinum;Puro;21221;1913;8305;349397.33;0;0.00
2025-03-31;1;MasterCard;Crédito;Empresarial;Puro;9123292;3733708;74489537;21172832754.83;1210044;722696468.05
2025-03-31;1;MasterCard;Débito;Empresarial;Puro;2149650;346733;16476559;1100116297.29;83;67026.31
2025-03-31;1;MasterCard;Débito;Platinum;Puro;1050595;372791;12661575;913240482.66;2900;1095692.95
2025-03-31;1;Elo;Crédito;Outros;Híbrido;9988;6129;15247;442853.33;0;0.00
2025-03-31;1;VISA;Crédito;Premium;Híbrido;81188;62107;3773292;1306851903.50;178848;105811732.56
2025-03-31;1;Outras;Débito;Outros;Puro;4113072;1667785;37664780;3825066177.09;0;0.00
2025-03-31;1;MasterCard;Crédito;Empresarial;Co-branded;17;5;1;0.01;1;0.01
2025-03-31;1;Outras;Débito;Corporativo;Puro;107203;97416;114959;7632355.59;0;0.00
2025-03-31;1;American Express;Crédito;Intermediário;Puro;302476;228566;7369597;1331297226.53;54728;31548482.02
2025-03-31;1;MasterCard;Crédito;Premium;Puro;8985147;6429072;468151412;89711790134.24;7902522;4336811049.36
2025-03-31;1;Elo;Débito;Empresarial;Puro;950395;349956;7991596;991131797.35;0;0.00
2025-03-31;1;VISA;Crédito;Básico Internacional;Puro;35766406;14076343;239710722;24309116940.87;675651;115899852.92
2025-03-31;1;MasterCard;Débito;Outros;Puro;1205972;198821;5221857;268045977.64;1053;877452.50
2025-03-31;1;Elo;Pré-Pago;Outros;Puro;2663039;2012922;13939710;960201749.05;0;0.00
2025-03-31;1;VISA;Débito;Básico Internacional;Co-branded;704316;32180;590258;4286736.88;49;35.74
2025-03-31;1;Elo;Pré-Pago;Empresarial;Puro;240923;166525;2350094;241717528.75;0;0.00
2025-03-31;1;VISA;Crédito;Intermediário;Puro;24263875;13341754;351436434;41818379731.74;1227026;237205745.61
2025-03-31;1;VISA;Débito;Básico Nacional;Co-branded;260842;234758;701091;97434373.00;0;0.00
2025-03-31;1;VISA;Débito;Básico Nacional;Puro;14854954;7463320;218110456;13843267748.77;7125;787580.54
2025-03-31;1;VISA;Pré-Pago;Empresarial;Puro;2679715;751208;8691724;539081907.35;20827;1270651.11
2025-03-31;1;Elo;Crédito;Outros;Puro;249946;207390;12023231;2950907384.57;38166;22321192.35
2025-03-31;1;VISA;Crédito;Platinum;Puro;9121685;6553470;273348111;41193128285.83;1806938;611158735.51
2025-03-31;1;Elo;Pré-Pago;Básico Nacional;Puro;77341;71;126;5002.01;0;0.00
2025-03-31;1;American Express;Crédito;Platinum;Co-branded;16512;11471;325265;44784283.96;1574;701937.12
2025-03-31;1;American Express;Pré-Pago;Platinum;Puro;39;10;100;29400.61;4;308.60
2025-03-31;1;Elo;Crédito;Platinum;Puro;150231;132507;3775362;577039428.97;5417;1460387.63
2025-03-31;1;VISA;Crédito;Premium;Co-branded;425431;389941;30278596;8015402947.16;524784;305725393.34
2025-03-31;1;Bandeira própria;Crédito;Básico Nacional;Co-branded;5319072;1456605;10521376;1199065944.10;0;0.00
2025-03-31;1;Elo;Pré-Pago;Corporativo;Puro;680291;566568;1794415;114014136.68;0;0.00
2025-03-31;1;MasterCard;Crédito;Intermediário;Puro;99632486;46150478;1146998131;103526886413.89;6034766;735234372.41
2025-03-31;1;MasterCard;Pré-Pago;Premium;Puro;696047;252832;8912162;569312628.40;0;0.00
2025-03-31;1;Elo;Crédito;Básico Nacional;Puro;4341663;2683083;86095821;9249972827.77;77794;29415440.41
2025-03-31;1;MasterCard;Débito;Premium;Co-branded;175070;42503;581179;35098863.48;0;0.00
2025-03-31;1;Outras;Débito;Empresarial;Puro;103;94;101;20023.32;0;0.00
2025-03-31;1;American Express;Crédito;Premium;Co-branded;38172;30173;512335;118027313.08;13004;17957514.01
2025-03-31;1;MasterCard;Crédito;Básico Internacional;Puro;86361502;18502481;222551922;22462913648.95;621400;88262634.30
2025-03-31;1;Elo;Débito;Básico Internacional;Puro;613577;512374;2547440;143145395.18;3;306.94
2025-03-31;1;MasterCard;Débito;Platinum;Co-branded;411347;108202;1780465;68911457.78;0;0.00
2025-03-31;1;MasterCard;Crédito;Outros;Co-branded;1095905;15265;8240;333648.23;553;6199.00
2025-03-31;1;Elo;Pré-Pago;Básico Internacional;Puro;797862;108325;477844;42727035.37;6854;1502911.63
2025-03-31;1;VISA;Débito;Empresarial;Puro;3103077;1088826;33629724;3434566023.04;4192;846990.44
2025-03-31;1;Bandeira própria;Crédito;Básico Nacional;Híbrido;661818;283607;2663059;467778180.61;0;0.00
2025-03-31;1;MasterCard;Crédito;Platinum;Puro;23284907;15779927;570347379;70386875278.37;3541498;734389483.27
2025-03-31;1;VISA;Crédito;Empresarial;Híbrido;22089;8501;100072;144342511.42;216;168165.37
2025-03-31;1;Elo;Crédito;Básico Nacional;Co-branded;1391093;650917;4924644;787365236.69;0;0.00
2025-03-31;1;VISA;Pré-Pago;Intermediário;Co-branded;44230;508;3103;165222.58;0;0.00
2025-03-31;1;MasterCard;Débito;Básico Internacional;Co-branded;1273279;64985;1772288;70483208.79;0;0.00
2025-03-31;1;VISA;Crédito;Platinum;Híbrido;673079;386043;12558524;2494736872.86;207004;81090435.30
2025-03-31;1;Elo;Pré-Pago;Premium;Puro;6770;0;562;21274.13;0;0.00
2025-03-31;1;MasterCard;Pré-Pago;Outros;Puro;3374057;150220;2183124;163757806.62;19164;2503193.90
2025-03-31;1;VISA;Pré-Pago;Corporativo;Puro;1572034;168956;4344062;637373665.45;465184;129359835.79
2025-03-31;1;Bandeira própria;Crédito;Intermediário;Puro;150141;31512;2186372;584897486.66;0;0.00
2025-03-31;1;American Express;Crédito;Premium;Puro;494942;399474;15243388;4237970500.48;360119;397636665.98
2025-03-31;1;VISA;Crédito;Básico Nacional;Híbrido;4991621;172758;1918144;250515056.10;133;19663.98
2025-03-31;1;VISA;Crédito;Intermediário;Co-branded;21898838;19697831;159996203;19888449618.20;326911;51614464.48
2025-03-31;1;MasterCard;Débito;Básico Internacional;Puro;73432487;11131606;415866168;27162064438.44;36956;9228322.59
2025-03-31;1;American Express;Crédito;Básico Nacional;Puro;32605;24741;601817;91022452.06;2748;918552.51
2025-03-31;1;MasterCard;Pré-Pago;Básico Nacional;Puro;2291447;119107;2066798;120183991.62;3277;257280.68
2025-03-31;1;VISA;Crédito;Básico Internacional;Co-branded;13734819;4084371;30123783;3559403151.56;67391;8340031.19
2025-03-31;1;VISA;Débito;Outros;Híbrido;84283;80669;791029;151934890.23;0;0.00
2025-03-31;1;MasterCard;Crédito;Básico Internacional;Híbrido;23875909;7521184;91535220;10968606038.36;129391;16684177.32
2025-03-31;1;VISA;Crédito;Premium;Puro;10087377;6220698;368050493;69516480209.71;5187160;2941231158.13
2025-03-31;1;Hipercard;Crédito;Intermediário;Puro;396;15;70;6206.48;1;0.01
2025-03-31;1;MasterCard;Crédito;Intermediário;Co-branded;56818093;28653776;166295132;17954468318.89;432434;58210964.75
2025-03-31;1;MasterCard;Débito;Premium;Puro;794362;299280;8925288;640323393.91;1077;537818.20
2025-03-31;1;MasterCard;Pré-Pago;Básico Internacional;Puro;4115208;873127;15795375;739116161.51;118778;9866901.91
2025-03-31;1;American Express;Crédito;Corporativo;Puro;57624;43760;1155187;1090763340.45;97284;136166338.60
2025-03-31;1;VISA;Crédito;Intermediário;Híbrido;1409415;758134;16887872;2793550165.53;123795;34086930.83
2025-03-31;1;VISA;Pré-Pago;Básico Nacional;Puro;17655786;3307365;21917661;2333024536.10;12530;2191324.87
2025-03-31;1;MasterCard;Pré-Pago;Empresarial;Puro;4518025;1013899;49820415;2866309179.92;1267;183241.80
2025-03-31;1;Elo;Débito;Outros;Híbrido;123435;123218;383781;43623105.04;0;0.00
2025-03-31;1;Elo;Pré-Pago;Básico Internacional;Co-branded;308102;151065;1268861;90581749.97;184;226299.66
2025-03-31;1;VISA;Pré-Pago;Básico Internacional;Puro;90240629;17568747;231422380;9813988532.91;1724678;247657469.08
2025-03-31;1;Elo;Débito;Básico Nacional;Puro;176942846;26679402;586719301;34323988111.16;0;0.00
2025-03-31;1;MasterCard;Crédito;Empresarial;Híbrido;41919;20173;449090;135035903.12;7283;2944187.83
2025-03-31;1;VISA;Crédito;Empresarial;Puro;3958674;2202820;50109822;15621066089.05;567194;486830565.39
2025-03-31;1;MasterCard;Crédito;Intermediário;Híbrido;4876668;4079376;71090738;11933911190.15;92543;20837837.14
2025-03-31;1;Elo;Crédito;Intermediário;Puro;9602654;3699741;51675564;6207120360.47;15910;2945104.31
2025-03-31;1;Elo;Crédito;Corporativo;Puro;27029;15237;200529;97064493.52;761;827645.72
2025-03-31;1;VISA;Crédito;Básico Internacional;Híbrido;6510747;1634635;36950432;4780990154.68;144107;30955648.37
2025-03-31;1;MasterCard;Pré-Pago;Platinum;Puro;10695024;4582453;161307321;7608366289.01;0;0.00
2025-03-31;1;MasterCard;Crédito;Básico Internacional;Co-branded;5616854;1421675;16751209;2193003032.75;40991;6789752.71
2025-03-31;1;Elo;Pré-Pago;Básico Nacional;Co-branded;2876;455;3435;2799587.15;0;0.00
2025-03-31;1;Elo;Crédito;Empresarial;Puro;384722;302383;7039124;3025706789.70;16739;12644465.44
2025-03-31;1;MasterCard;Pré-Pago;Intermediário;Puro;66352584;31086176;1304431056;46067346552.36;1;0.01
2025-03-31;1;VISA;Débito;Intermediário;Puro;11116709;4896035;124797067;7585210698.83;2503;396582.52
2025-03-31;1;Bandeira própria;Pré-Pago;Outros;Puro;2133322;1976407;1561613;277673463.57;0;0.00
2025-03-31;1;MasterCard;Débito;Intermediário;Puro;77919727;42558300;924332882;45981090000.95;24808;6619965.29
2025-03-31;1;MasterCard;Crédito;Corporativo;Co-branded;249248;9360;36917;5691923.65;1018;327867.81
2025-03-31;1;Elo;Crédito;Básico Internacional;Puro;2537231;1756480;43276527;8236499407.25;64582;29710226.64
2025-06-30;2;VISA;Pré-Pago;Platinum;Puro;121913;29636;244049;10848142.04;206;36977.99
2025-06-30;2;VISA;Crédito;Básico Internacional;Co-branded;14029061;3916647;31935182;3920454508.51;73588;9483797.16
2025-06-30;2;Elo;Pré-Pago;Básico Nacional;Puro;77154;67;129;4285.48;0;0.00
2025-06-30;2;Elo;Crédito;Básico Internacional;Co-branded;835820;89817;962594;90095181.84;223;25801.95
2025-06-30;2;MasterCard;Crédito;Outros;Co-branded;1096037;15306;6594;271117.52;166;7907.66
2025-06-30;2;Outras;Débito;Empresarial;Puro;93;26;50;10989.89;0;0.00
2025-06-30;2;Elo;Pré-Pago;Corporativo;Puro;772154;636341;1811591;107144110.03;0;0.00
2025-06-30;2;Elo;Crédito;Básico Internacional;Puro;2580241;1730228;45272635;8495950102.96;74310;32223844.73
2025-06-30;2;VISA;Pré-Pago;Básico Internacional;Co-branded;733852;29637;578698;24988286.00;79;9354.61
2025-06-30;2;Elo;Pré-Pago;Empresarial;Puro;269737;187691;2455598;233954444.77;0;0.00
2025-06-30;2;Elo;Crédito;Corporativo;Puro;161150;44721;345528;126258044.22;739;652547.74
2025-06-30;2;MasterCard;Crédito;Básico Nacional;Híbrido;11606450;1790880;53616644;5770645128.29;19141;2854509.65
2025-06-30;2;VISA;Débito;Básico Internacional;Híbrido;441425;15231;202119;8692880.71;0;0.00
2025-06-30;2;Elo;Crédito;Básico Nacional;Co-branded;1508953;663958;4968152;830497195.73;0;0.00
2025-06-30;2;VISA;Crédito;Empresarial;Puro;4118979;2158746;53751839;16667575948.42;640997;513568787.93
2025-06-30;2;VISA;Débito;Premium;Puro;1573692;944880;34034184;2973180285.01;14020;3481138.97
2025-06-30;2;VISA;Crédito;Básico Internacional;Híbrido;6845936;1686436;36522765;4984632485.70;140559;31327520.66
2025-06-30;2;Bandeira própria;Crédito;Básico Nacional;Híbrido;660609;279776;2751435;488344270.33;0;0.00
2025-06-30;2;MasterCard;Débito;Empresarial;Co-branded;18589;3424;4564;279337.62;0;0.00
2025-06-30;2;MasterCard;Crédito;Intermediário;Híbrido;4697574;3820843;68090452;11633624489.52;43928;21387321.76
2025-06-30;2;MasterCard;Débito;Intermediário;Puro;76149546;43130895;949579588;46513941954.15;24926;5957881.03
2025-06-30;2;VISA;Pré-Pago;Básico Internacional;Puro;97281499;18273611;248960924;10326996908.26;1603710;232651643.05
2025-06-30;2;MasterCard;Crédito;Platinum;Híbrido;645727;423546;8764074;1749772800.68;129264;51143912.71
2025-06-30;2;Elo;Pré-Pago;Outros;Puro;2856342;1974328;15782894;1045097381.55;0;0.00
2025-06-30;2;Elo;Débito;Básico Nacional;Puro;179479860;26145806;591054179;35051861700.96;0;0.00
2025-06-30;2;VISA;Crédito;Corporativo;Puro;684561;359898;7363226;3169015190.40;455701;463415378.73
2025-06-30;2;VISA;Débito;Básico Internacional;Co-branded;7542;2143;37353;3588150.75;0;0.00
2025-06-30;2;MasterCard;Crédito;Platinum;Puro;23575343;15052634;597527519;73870990627.63;3795671;765747385.58
2025-06-30;2;VISA;Pré-Pago;Básico Nacional;Puro;16742436;2843315;9434652;2089485122.79;10688;1596493.70
2025-06-30;2;VISA;Pré-Pago;Intermediário;Puro;17322;603;3971;227168.79;0;0.00
2025-06-30;2;VISA;Pré-Pago;Premium;Puro;1490;1386;30680;1938546.34;9;970.46
2025-06-30;2;VISA;Crédito;Empresarial;Co-branded;211;100;1577;1515978.78;12;3388.00
2025-06-30;2;MasterCard;Crédito;Premium;Puro;9463751;6829999;504049847;96735858166.98;8895605;4609689186.88
2025-06-30;2;VISA;Crédito;Premium;Puro;10609882;6408841;393555735;73895243398.83;5837667;3128203367.68
2025-06-30;2;MasterCard;Débito;Básico Internacional;Puro;33143876;10298931;403080916;26317137036.47;42660;9308284.24
2025-06-30;2;VISA;Pré-Pago;Corporativo;Puro;1563397;155754;4413439;659738474.10;483475;132646481.83
2025-06-30;2;Elo;Crédito;Intermediário;Puro;9579811;3325297;57434500;6382910182.15;17442;2927820.73
2025-06-30;2;MasterCard;Débito;Intermediário;Co-branded;36290177;8169921;181426070;5636656212.63;0;0.00
2025-06-30;2;Outras;Débito;Outros;Puro;4094950;1665133;35210017;3767801720.71;0;0.00
2025-06-30;2;MasterCard;Pré-Pago;Básico Internacional;Puro;6070656;1354942;22178910;946159422.83;227474;12466198.99
2025-06-30;2;MasterCard;Crédito;Premium;Híbrido;74555;57151;2594221;885096079.30;119339;77678798.82
2025-06-30;2;American Express;Crédito;Premium;Puro;492959;395967;15788901;4246258328.03;342483;357205387.13
2025-06-30;2;Outras;Crédito;Outros;Puro;8445831;3977373;261414273;7008994348.17;0;0.00
2025-06-30;2;American Express;Crédito;Corporativo;Puro;56527;43072;1246961;1109007376.70;106850;161627351.55
2025-06-30;2;MasterCard;Crédito;Básico Internacional;Puro;87755271;18043003;214236066;21974778036.02;636802;89175330.15
2025-06-30;2;MasterCard;Débito;Básico Nacional;Puro;380468;262891;9032501;700214934.68;15;4233.53
2025-06-30;2;Elo;Crédito;Empresarial;Puro;390323;290244;6914954;3144155563.14;19645;12760318.23
2025-06-30;2;Elo;Pré-Pago;Básico Internacional;Puro;527221;12079;451865;38626729.01;7813;1581191.62
2025-06-30;2;Hipercard;Crédito;Platinum;Puro;17939;5951;2347143;402814642.46;1;0.01
2025-06-30;2;Bandeira própria;Crédito;Básico Nacional;Co-branded;5657154;1507960;16239354;1873505725.90;0;0.00
2025-06-30;2;MasterCard;Débito;Básico Internacional;Co-branded;1272061;21310;629788;30311385.40;0;0.00
2025-06-30;2;MasterCard;Débito;Empresarial;Puro;2457856;347016;17263631;1150240608.04;155;97138.99
2025-06-30;2;American Express;Crédito;Premium;Co-branded;37827;29392;484933;113940251.25;10510;14114663.80
2025-06-30;2;MasterCard;Pré-Pago;Premium;Puro;742596;255422;9329790;592377001.20;0;0.00
2025-06-30;2;VISA;Crédito;Intermediário;Co-branded;24751440;22882395;176275455;22607951298.09;388479;65515008.11
2025-06-30;2;VISA;Crédito;Básico Nacional;Puro;10844428;7517951;201064106;20097040098.47;383338;85307633.68
2025-06-30;2;Elo;Pré-Pago;Básico Internacional;Co-branded;391297;168241;1356460;97816437.38;94;16490.15
2025-06-30;2;Elo;Crédito;Premium;Puro;363380;333629;12258277;2438283637.73;35999;17386640.10
2025-06-30;2;Elo;Crédito;Platinum;Puro;152885;135525;3974418;592497734.60;5571;1571448.86
2025-06-30;2;MasterCard;Débito;Platinum;Puro;1044163;370634;12587392;898921972.06;456;134586.44
2025-06-30;2;MasterCard;Crédito;Premium;Co-branded;929245;756740;26159074;7011063557.12;661691;393408637.70
2025-06-30;2;MasterCard;Pré-Pago;Empresarial;Puro;4783790;1040509;53964057;3081048791.50;17;2144.49
2025-06-30;2;VISA;Crédito;Básico Nacional;Co-branded;6339270;394586;3885843;511315010.18;3597;487973.67
2025-06-30;2;American Express;Crédito;Empresarial;Puro;33713;24817;811835;559146043.54;34459;52487850.39
2025-06-30;2;Elo;Débito;Básico Internacional;Puro;667823;554075;2593545;146907525.27;3;207.05
2025-06-30;2;VISA;Crédito;Premium;Co-branded;430140;403668;32304119;8329713137.26;594712;320466302.83
2025-06-30;2;MasterCard;Crédito;Outros;Puro;2809554;733821;12840450;771792893.09;5073;2387252.06
2025-06-30;2;VISA;Débito;Platinum;Puro;7139921;3162530;42188410;3526612621.16;620201;111201920.18
2025-06-30;2;MasterCard;Crédito;Básico Internacional;Híbrido;25294943;7659372;94523165;11492132929.47;129707;17788482.74
2025-06-30;2;American Express;Crédito;Básico Nacional;Puro;31992;24344;634000;92073762.55;2777;1048177.51
2025-06-30;2;Elo;Crédito;Básico Nacional;Puro;4686053;2847694;92534837;9774551497.11;90245;28388845.10
2025-06-30;2;Elo;Crédito;Outros;Puro;254368;208585;12334945;3001113697.93;40650;21676845.80
2025-06-30;2;MasterCard;Pré-Pago;Platinum;Puro;10972389;4562844;165432997;7796508916.55;0;0.00
2025-06-30;2;MasterCard;Crédito;Básico Nacional;Co-branded;11872782;130834;2690983;350606090.65;120;75334.00
2025-06-30;2;MasterCard;Débito;Outros;Puro;848912;199313;5506589;284048382.70;1292;965302.51
2025-06-30;2;VISA;Crédito;Platinum;Híbrido;714480;404618;12864290;2473433250.89;210359;84771586.20
2025-06-30;2;MasterCard;Débito;Premium;Co-branded;230527;61686;899637;51928833.01;0;0.00
2025-06-30;2;VISA;Crédito;Intermediário;Híbrido;1432754;761996;16599326;2700512149.17;132006;36247388.56
2025-06-30;2;VISA;Débito;Intermediário;Puro;10457430;4818567;124038140;7579572185.16;2535;426966.18
2025-06-30;2;MasterCard;Crédito;Básico Nacional;Puro;6204076;1868434;24409300;2225466310.85;11584;1188078.36
2025-06-30;2;MasterCard;Crédito;Empresarial;Híbrido;42244;19388;376239;115289145.25;6549;3627371.33
2025-06-30;2;VISA;Crédito;Básico Nacional;Híbrido;4999625;129776;1816732;238992333.18;131;13918.76
2025-06-30;2;American Express;Crédito;Intermediário;Puro;302834;229901;7666945;1327005184.58;53727;29531992.19
2025-06-30;2;MasterCard;Crédito;Intermediário;Puro;99385150;45243238;1169540249;108005301393.09;6426516;770256487.48
2025-06-30;2;VISA;Pré-Pago;Intermediário;Co-branded;55132;755;4477;271089.49;0;0.00
2025-06-30;2;MasterCard;Crédito;Básico Internacional;Co-branded;5638976;1359533;17037781;2277603753.76;41227;6416932.62
2025-06-30;2;Outras;Crédito;Básico Internacional;Puro;1033286;398841;34892;3569846.23;0;0.00
2025-06-30;2;MasterCard;Crédito;Corporativo;Co-branded;109982;3741;11664;3927296.74;602;571130.28
2025-06-30;2;Elo;Pré-Pago;Intermediário;Puro;19866822;42570;805389;36528931.41;0;0.00
2025-06-30;2;VISA;Crédito;Intermediário;Puro;24136126;13162235;361391885;42741257983.92;1267082;244201370.74
2025-06-30;2;American Express;Pré-Pago;Platinum;Puro;39;14;51;43728.69;0;0.00
2025-06-30;2;VISA;Débito;Básico Nacional;Co-branded;275076;247568;737748;101741248.24;0;0.00
2025-06-30;2;VISA;Pré-Pago;Outros;Puro;22397414;6326826;38151059;2063711962.89;80665;12353485.28
2025-06-30;2;Bandeira própria;Pré-Pago;Outros;Puro;2109981;1815526;308113;175768602.99;0;0.00
2025-06-30;2;Elo;Débito;Outros;Híbrido;206312;129560;412373;42055654.89;0;0.00
2025-06-30;2;Bandeira própria;Crédito;Outros;Puro;7255678;2496797;13243063;1171026029.16;0;0.00
2025-06-30;2;VISA;Crédito;Básico Internacional;Puro;37354670;14985488;250543739;24748133238.41;720191;118767085.13
2025-06-30;2;Hipercard;Crédito;Intermediário;Puro;395;15;43;7724.23;1;0.01
2025-06-30;2;VISA;Pré-Pago;Empresarial;Puro;2657644;767003;8020445;507048283.29;18550;1450132.75
2025-06-30;2;VISA;Crédito;Outros;Puro;8779342;2705234;68167776;6452019559.26;328271;289776875.25
2025-06-30;2;VISA;Débito;Básico Internacional;Puro;193660688;49804726;1337305508;81852299324.23;34564;6529630.70
2025-06-30;2;MasterCard;Pré-Pago;Básico Nacional;Puro;2304580;112462;1878451;111088600.40;2992;309481.81
2025-06-30;2;MasterCard;Crédito;Corporativo;Puro;1044341;688036;9063748;4708709957.58;490023;538156267.34
2025-06-30;2;American Express;Crédito;Platinum;Puro;606;401;4430;5173179.18;746;4457150.60
2025-06-30;2;Elo;Débito;Empresarial;Puro;988397;336498;8266714;1015470985.88;0;0.00
2025-06-30;2;MasterCard;Crédito;Corporativo;Híbrido;7677079;2554230;39569271;2439685381.73;527403;23083291.79
2025-06-30;2;MasterCard;Débito;Platinum;Co-branded;647072;183974;3296201;118838646.26;0;0.00
2025-06-30;2;American Express;Crédito;Platinum;Co-branded;15937;10822;306316;42010250.54;1664;687690.31
2025-06-30;2;MasterCard;Crédito;Empresarial;Puro;9214800;3838325;79948385;22473685947.71;1405387;787574809.26
2025-06-30;2;VISA;Débito;Outros;Híbrido;88044;74843;582380;112837000.96;0;0.00
2025-06-30;2;Outras;Débito;Corporativo;Puro;96886;78630;78619;7357775.95;0;0.00
2025-06-30;2;MasterCard;Crédito;Intermediário;Co-branded;60231871;30909721;178707187;19708991833.00;479605;74125604.59
2025-06-30;2;MasterCard;Pré-Pago;Intermediário;Puro;67838337;30735802;1334069362;47124784194.49;1;0.01
2025-06-30;2;MasterCard;Débito;Premium;Puro;648418;289110;8716227;634318266.03;926;502623.63
2025-06-30;2;VISA;Crédito;Premium;Híbrido;92573;70757;4967915;1632419994.55;229052;144741039.90
2025-06-30;2;MasterCard;Crédito;Empresarial;Co-branded;8392;3428;136;48537.54;1;0.01
2025-06-30;2;MasterCard;Pré-Pago;Corporativo;Puro;4082956;1066693;308141;6253812.64;3;180.80
2025-06-30;2;Bandeira própria;Crédito;Intermediário;Puro;148080;34149;2266531;601109270.74;0;0.00
2025-06-30;2;Elo;Pré-Pago;Básico Nacional;Co-branded;3104;403;3449;276849.82;0;0.00
2025-06-30;2;VISA;Crédito;Platinum;Puro;9774456;6931428;286529940;42223548485.96;1891791;613220158.29
2025-06-30;2;MasterCard;Pré-Pago;Outros;Puro;3208924;144203;2106406;145727392.15;20676;2605236.56
2025-06-30;2;VISA;Débito;Básico Nacional;Puro;15376920;7568257;224696434;14212365947.86;8090;543334.61
2025-06-30;2;Elo;Pré-Pago;Premium;Puro;6770;0;397;19332.89;0;0.00
2025-06-30;2;VISA;Débito;Empresarial;Puro;3338923;1167039;36714493;3634716481.28;5890;1131893.41
2025-06-30;2;Outras;Pré-Pago;Outros;Puro;7412300;3673750;260450799;6935771412.17;0;0.00
2025-06-30;2;MasterCard;Crédito;Platinum;Co-branded;2050888;1609349;35143528;5394191712.97;308616;101792563.47
2025-06-30;2;Elo;Crédito;Outros;Híbrido;35888;6230;14457;494930.83;0;0.00
2025-06-30;2;VISA;Crédito;Platinum;Co-branded;388692;345045;18073070;2979743731.99;175088;63893011.76
2025-06-30;2;VISA;Crédito;Empresarial;Híbrido;20451;8446;93781;132651624.07;239;181068.85
2025-09-30;3;MasterCard;Crédito;Básico Nacional;Híbrido;7702272;955954;18633025;2620147424.72;20018;3134159.22
2025-09-30;3;Bandeira própria;Crédito;Intermediário;Puro;151661;32527;2434170;653670020.04;0;0.00
2025-09-30;3;VISA;Pré-Pago;Básico Internacional;Co-branded;750406;27220;551461;23359691.00;51;5215.00
2025-09-30;3;VISA;Crédito;Empresarial;Híbrido;18456;7945;93021;130380781.76;415;233181.98
2025-09-30;3;Elo;Pré-Pago;Intermediário;Puro;20318545;47108;796815;36798162.04;0;0.00
2025-09-30;3;VISA;Crédito;Básico Nacional;Co-branded;6370672;393072;3904910;513979157.97;3311;344333.25
2025-09-30;3;Outras;Crédito;Outros;Puro;8471297;5490653;272608034;7671516590.07;0;0.00
2025-09-30;3;American Express;Crédito;Intermediário;Puro;314662;240271;7784579;1334039037.77;59709;29958158.19
2025-09-30;3;MasterCard;Crédito;Básico Internacional;Puro;89562459;17493417;210440915;21701731709.49;669217;95462719.03
2025-09-30;3;Elo;Crédito;Básico Internacional;Co-branded;833684;82173;927413;85125699.88;196;26345.39
2025-09-30;3;VISA;Crédito;Platinum;Co-branded;378391;329451;18423559;3085288136.86;191370;67619456.61
2025-09-30;3;MasterCard;Pré-Pago;Premium;Puro;811908;265714;10030699;623859712.11;0;0.00
2025-09-30;3;Bandeira própria;Crédito;Básico Nacional;Co-branded;8223750;1537516;18167429;2077686498.38;0;0.00
2025-09-30;3;VISA;Pré-Pago;Básico Internacional;Puro;106334559;18273076;263459578;10834185799.11;1650177;217347190.10
2025-09-30;3;MasterCard;Débito;Outros;Puro;893867;209475;5746470;295975965.47;1570;1315355.18
2025-09-30;3;MasterCard;Crédito;Empresarial;Co-branded;95262;651;4039;256369.70;1;0.01
2025-09-30;3;MasterCard;Pré-Pago;Platinum;Puro;11263868;4605536;172755704;8080382307.17;0;0.00
2025-09-30;3;VISA;Débito;Básico Nacional;Puro;16252011;7772108;232140623;14425071423.84;7017;759297.26
2025-09-30;3;Outras;Débito;Corporativo;Puro;97779;84036;70935;6879401.89;0;0.00
2025-09-30;3;MasterCard;Crédito;Intermediário;Puro;102923337;45534941;1193806028;109687681159.69;6721827;804888671.24
2025-09-30;3;Elo;Crédito;Básico Nacional;Puro;4915290;2973766;99236558;10356254313.17;98614;30697734.92
2025-09-30;3;VISA;Pré-Pago;Outros;Puro;19942135;2487757;35061044;2080725432.89;85376;16337958.01
2025-09-30;3;MasterCard;Débito;Premium;Co-branded;221110;88561;1378638;75899135.26;0;0.00
2025-09-30;3;VISA;Crédito;Premium;Puro;11371664;6667194;419030128;79041323681.22;6771049;3395592218.89
2025-09-30;3;Elo;Débito;Básico Internacional;Puro;670788;555096;2383385;132497548.48;11;3204.87
2025-09-30;3;MasterCard;Débito;Empresarial;Co-branded;95250;5229;222911;15998588.96;0;0.00
2025-09-30;3;MasterCard;Crédito;Outros;Puro;2834103;662198;11566123;684396712.44;4575;1403988.70
2025-09-30;3;MasterCard;Débito;Platinum;Híbrido;6756;3013;61850;6158092.35;3;310.77
2025-09-30;3;Bandeira própria;Crédito;Básico Nacional;Puro;16882;6549;1;100.00;0;0.00
2025-09-30;3;VISA;Débito;Premium;Puro;1696837;1023178;37402093;3223467240.41;51224;11998307.21
2025-09-30;3;MasterCard;Crédito;Premium;Puro;9895366;7116894;532718046;102807769879.90;10253323;5064259853.11
2025-09-30;3;MasterCard;Débito;Básico Nacional;Puro;365732;257001;8961827;688603374.22;16;5269.53
2025-09-30;3;Elo;Pré-Pago;Básico Nacional;Co-branded;4367;678;3381;251114.67;0;0.00
2025-09-30;3;VISA;Débito;Básico Internacional;Co-branded;6544;2019;22787;2224111.16;0;0.00
2025-09-30;3;VISA;Pré-Pago;Platinum;Puro;345909;104922;926106;36713770.03;511;67815.39
2025-09-30;3;MasterCard;Crédito;Intermediário;Híbrido;7304158;4995304;104976395;14961555441.50;109899;24576772.52
2025-09-30;3;VISA;Crédito;Intermediário;Híbrido;3207058;888286;18012341;2874253397.34;153074;41321441.87
2025-09-30;3;MasterCard;Crédito;Corporativo;Híbrido;8428490;2783848;43430689;2601621127.02;390357;24858234.87
2025-09-30;3;VISA;Pré-Pago;Intermediário;Puro;26371;718;4167;216862.65;0;0.00
2025-09-30;3;VISA;Débito;Básico Nacional;Co-branded;292994;263695;754879;100488505.05;0;0.00
2025-09-30;3;MasterCard;Débito;Básico Internacional;Co-branded;1379453;1029076;2521407;80309995.41;0;0.00
2025-09-30;3;MasterCard;Pré-Pago;Corporativo;Puro;4103220;271280;242092;6272668.53;4;778.11
2025-09-30;3;Elo;Crédito;Básico Nacional;Co-branded;1634570;638458;5141577;881766681.82;0;0.00
2025-09-30;3;MasterCard;Débito;Platinum;Puro;1195903;420715;13401374;933909292.57;503;147247.80
2025-09-30;3;Elo;Pré-Pago;Corporativo;Puro;869206;582184;2058780;121053148.25;0;0.00
2025-09-30;3;MasterCard;Crédito;Platinum;Híbrido;639723;406303;9354915;1848837315.00;150965;57384473.43
2025-09-30;3;Elo;Crédito;Outros;Puro;280514;226126;12242948;2993016057.91;41123;20168248.86
2025-09-30;3;VISA;Crédito;Empresarial;Co-branded;198;96;1433;1115991.23;6;1115.64
2025-09-30;3;MasterCard;Crédito;Premium;Co-branded;1139168;921098;30456210;7986906971.31;785760;445174955.54
2025-09-30;3;Elo;Crédito;Empresarial;Puro;393173;270652;7099960;3292408902.71;22018;13526015.31
2025-09-30;3;Elo;Pré-Pago;Empresarial;Puro;297121;154961;2704152;256176469.13;0;0.00
2025-09-30;3;VISA;Crédito;Intermediário;Puro;24067663;12477905;360683473;42340850896.74;1340041;257782103.62
2025-09-30;3;MasterCard;Débito;Empresarial;Puro;3488746;347382;17861069;1174038492.97;189;77411.96
2025-09-30;3;VISA;Crédito;Básico Nacional;Híbrido;478048;44486;1311162;180123123.24;168;19196.30
2025-09-30;3;VISA;Crédito;Básico Nacional;Puro;11507503;7825162;208364848;21056562094.56;422104;98099897.74
2025-09-30;3;MasterCard;Crédito;Empresarial;Puro;9773830;3991702;83864645;23524288961.53;1558823;803264035.72
2025-09-30;3;Elo;Pré-Pago;Básico Nacional;Puro;77006;61;62;2366.40;1;115.93
2025-09-30;3;MasterCard;Crédito;Outros;Co-branded;1096166;15406;7263;253761.14;202;3048.81
2025-09-30;3;VISA;Crédito;Básico Internacional;Puro;35941083;14388451;252438223;24726267289.83;778328;123885457.38
2025-09-30;3;Elo;Crédito;Básico Internacional;Puro;2700077;1701586;44927475;8456715356.89;81019;31342366.43
2025-09-30;3;VISA;Débito;Intermediário;Puro;10618348;4837191;122818464;7459450853.58;3014;537136.69
2025-09-30;3;MasterCard;Crédito;Premium;Híbrido;104571;75728;3171350;1040211867.10;146012;90281562.73
2025-09-30;3;VISA;Crédito;Básico Internacional;Híbrido;6819974;1708904;37464850;5062914508.18;155748;35334238.62
2025-09-30;3;Outras;Crédito;Básico Internacional;Puro;1070525;390470;32758;3385902.56;0;0.00
2025-09-30;3;American Express;Crédito;Platinum;Co-branded;16198;10204;295832;39457451.57;1671;586243.35
2025-09-30;3;MasterCard;Débito;Intermediário;Puro;81789041;43776934;960136111;45923998430.67;31174;7140203.53
2025-09-30;3;MasterCard;Pré-Pago;Básico Internacional;Puro;6402711;1652429;27347139;1173675830.90;297748;16647598.53
2025-09-30;3;American Express;Crédito;Empresarial;Puro;35995;26556;860172;576833383.53;36183;51740160.39
2025-09-30;3;Elo;Pré-Pago;Básico Internacional;Puro;543452;12831;341694;31186630.21;7360;1342303.50
2025-09-30;3;Elo;Crédito;Premium;Puro;383064;281964;13233079;2659095250.43;38931;17298966.47
2025-09-30;3;VISA;Pré-Pago;Intermediário;Co-branded;62112;998;6392;385710.80;0;0.00
2025-09-30;3;Bandeira própria;Pré-Pago;Outros;Puro;2079242;2036723;277372;165301571.56;0;0.00
2025-09-30;3;Elo;Débito;Empresarial;Puro;1033502;324456;8506957;1018878533.19;0;0.00
2025-09-30;3;Hipercard;Crédito;Intermediário;Puro;393;13;1;0.01;1;0.01
2025-09-30;3;VISA;Crédito;Empresarial;Puro;4485189;2227650;56896291;17779570175.09;688033;501798459.77
2025-09-30;3;Elo;Pré-Pago;Premium;Puro;6770;0;418;29913.92;0;0.00
2025-09-30;3;VISA;Crédito;Corporativo;Puro;691674;351073;7589670;3400729255.45;423829;397454915.72
2025-09-30;3;MasterCard;Crédito;Intermediário;Co-branded;55706439;32680968;179380641;19831503080.95;515448;86121052.83
2025-09-30;3;Elo;Pré-Pago;Outros;Puro;3169733;2096325;14845577;1045765368.75;0;0.00
2025-09-30;3;MasterCard;Débito;Intermediário;Co-branded;22658333;8284729;186001869;5624369924.06;0;0.00
2025-09-30;3;Elo;Crédito;Corporativo;Puro;192857;68451;455909;141819088.11;874;724203.66
2025-09-30;3;Elo;Débito;Básico Nacional;Puro;184078863;26420140;623426969;36133356530.54;0;0.00
2025-09-30;3;MasterCard;Pré-Pago;Empresarial;Puro;5138681;1075030;57888957;3263209493.13;15;1994.28
2025-09-30;3;VISA;Crédito;Platinum;Puro;10544472;7309640;301249065;44235258457.23;2048970;620409158.94
2025-09-30;3;American Express;Crédito;Premium;Co-branded;36210;27028;483819;113697312.56;11591;18531816.35
2025-09-30;3;Elo;Crédito;Platinum;Puro;161554;117290;4259206;632484666.95;6486;1425757.45
2025-09-30;3;MasterCard;Crédito;Básico Nacional;Puro;6339346;1913066;24440439;2259196748.34;11853;1223604.70
2025-09-30;3;MasterCard;Crédito;Básico Internacional;Híbrido;26595685;7837152;95206342;11670793268.89;135530;19369789.45
2025-09-30;3;American Express;Pré-Pago;Platinum;Puro;39;15;119;39941.27;0;0.00
2025-09-30;3;MasterCard;Crédito;Básico Internacional;Co-branded;5355761;1343065;16636412;2189314241.40;42732;6625456.02
2025-09-30;3;VISA;Crédito;Platinum;Híbrido;740155;425414;13692357;2628402165.60;252835;95184390.41
2025-09-30;3;VISA;Débito;Platinum;Puro;7659240;3227600;42602393;3513879235.06;980963;169295537.91
2025-09-30;3;MasterCard;Pré-Pago;Outros;Puro;2270733;148130;2018005;165218343.74;19846;2718999.23
2025-09-30;3;VISA;Pré-Pago;Premium;Puro;6214;3264;105501;7256295.84;29;10289.95
2025-09-30;3;MasterCard;Débito;Premium;Híbrido;2316;1152;20382;2177001.13;3;3819.03
2025-09-30;3;MasterCard;Crédito;Platinum;Co-branded;2782328;2119649;37766881;5576965952.28;329091;102842946.03
2025-09-30;3;Outras;Débito;Outros;Puro;4049688;1656465;34473236;3598479956.56;0;0.00
2025-09-30;3;VISA;Pré-Pago;Básico Nacional;Puro;794572;144060;1467808;1801431910.76;12447;1718296.32
2025-09-30;3;VISA;Crédito;Premium;Híbrido;121630;99409;5748739;1846024871.80;291114;173994770.90
2025-09-30;3;MasterCard;Pré-Pago;Básico Nacional;Puro;2344046;132607;1759029;102541953.74;3012;206908.37
2025-09-30;3;VISA;Pré-Pago;Corporativo;Puro;1275490;133376;4350353;684707489.95;480801;127442894.52
2025-09-30;3;MasterCard;Pré-Pago;Intermediário;Puro;69530003;30867768;1369533499;47817613003.79;0;0.00
2025-09-30;3;Bandeira própria;Crédito;Outros;Puro;7512614;2700806;12263402;1078577033.98;0;0.00
2025-09-30;3;American Express;Crédito;Platinum;Puro;103;69;1228;190426.10;13;1230.78
2025-09-30;3;VISA;Pré-Pago;Empresarial;Puro;2908332;1391827;7551645;479474562.45;12350;1627975.97
2025-09-30;3;MasterCard;Débito;Básico Internacional;Puro;33644253;10082949;408157287;26528036955.76;38988;8948902.61
2025-09-30;3;MasterCard;Débito;Básico Internacional;Híbrido;262143;81108;679198;54507555.71;9;1389.63
2025-09-30;3;MasterCard;Débito;Platinum;Co-branded;752881;306479;5989424;208073948.74;0;0.00
2025-09-30;3;Hipercard;Crédito;Platinum;Puro;10884;1444;164646;24310334.11;1;0.01
2025-09-30;3;American Express;Crédito;Premium;Puro;515305;410429;15947997;4270307708.14;384089;393912689.73
2025-09-30;3;Elo;Crédito;Intermediário;Puro;9808017;2965727;54378395;6527857813.47;19664;2865408.84
2025-09-30;3;VISA;Débito;Básico Internacional;Puro;192939553;48890105;1323953487;80205752146.01;38890;8067823.75
2025-09-30;3;MasterCard;Crédito;Corporativo;Co-branded;70003;4518;16511;5312670.94;688;1056131.49
2025-09-30;3;VISA;Crédito;Premium;Co-branded;424682;405485;32869265;8557078433.25;634731;324783448.71
2025-09-30;3;VISA;Crédito;Intermediário;Co-branded;27327159;25813850;199974626;26417702849.71;455719;79442844.58
2025-09-30;3;Outras;Débito;Empresarial;Puro;93;26;41;5657.63;0;0.00
2025-09-30;3;MasterCard;Crédito;Empresarial;Híbrido;42902;19341;651034;169907712.83;8828;4783918.17
2025-09-30;3;Elo;Pré-Pago;Básico Internacional;Co-branded;469433;218052;1829410;124382408.34;168;9281.35
2025-09-30;3;American Express;Crédito;Básico Nacional;Puro;31431;24414;619212;90341782.25;3036;1029181.23
2025-09-30;3;American Express;Crédito;Corporativo;Puro;56466;43111;1259974;1189966335.64;96103;125973888.27
2025-09-30;3;MasterCard;Débito;Premium;Puro;509825;239176;7388290;548604313.59;923;435790.14
2025-09-30;3;Outras;Pré-Pago;Outros;Puro;7451900;5202900;271698374;7601170749.28;0;0.00
2025-09-30;3;Bandeira própria;Débito;Básico Nacional;Puro;16882;6549;1;100.00;0;0.00
2025-09-30;3;VISA;Débito;Empresarial;Puro;3533361;1148887;38210868;3662235334.13;7136;1341308.44
2025-09-30;3;MasterCard;Crédito;Básico Nacional;Co-branded;11869296;122350;2657705;343416203.74;124;60749.38
2025-09-30;3;MasterCard;Crédito;Corporativo;Puro;1205225;782379;9492882;5252096019.60;467030;488260343.94
2025-09-30;3;MasterCard;Débito;Intermediário;Híbrido;138227;56412;897037;79971376.66;2;159.01
2025-09-30;3;VISA;Débito;Básico Internacional;Híbrido;342779;13165;181318;8280711.48;0;0.00
2025-09-30;3;Bandeira própria;Crédito;Básico Nacional;Híbrido;658749;275311;2803936;499519862.64;0;0.00
2025-09-30;3;VISA;Crédito;Outros;Puro;9682453;2854913;74139334;7216282631.27;429206;360162472.53
2025-09-30;3;VISA;Crédito;Básico Internacional;Co-branded;14351818;3996056;32261384;3871123488.60;76990;9993540.01
2025-09-30;3;MasterCard;Crédito;Platinum;Puro;24043411;15704486;629910667;77933171962.60;4213742;828778001.69
2025-12-31;4;VISA;Crédito;Premium;Híbrido;150419;120008;6910739;2203289592.25;320379;196658648.17
2025-12-31;4;MasterCard;Crédito;Empresarial;Puro;10234651;4089994;86841486;24680977682.79;1718526;839840887.85
2025-12-31;4;VISA;Pré-Pago;Básico Internacional;Puro;127472135;19737267;292232022;12378834566.93;1796079;214466986.49
2025-12-31;4;MasterCard;Crédito;Premium;Híbrido;109138;85022;3778552;1230949140.88;160361;100017471.40
2025-12-31;4;Bandeira própria;Crédito;Outros;Puro;6735105;1555145;8315179;772790364.89;0;0.00
2025-12-31;4;MasterCard;Débito;Outros;Puro;938446;222232;6386022;347466149.62;2912;1539786.80
2025-12-31;4;MasterCard;Pré-Pago;Premium;Puro;863173;273889;10786225;695024145.70;0;0.00
2025-12-31;4;MasterCard;Crédito;Outros;Co-branded;1096420;15461;6706;287583.32;329;2909.41
2025-12-31;4;Bandeira própria;Crédito;Básico Nacional;Híbrido;619398;269464;2812103;509824533.55;0;0.00
2025-12-31;4;Elo;Pré-Pago;Corporativo;Puro;923160;535324;2247360;144487006.14;0;0.00
2025-12-31;4;Bandeira própria;Crédito;Intermediário;Puro;153859;33831;2413459;654172935.40;0;0.00
2025-12-31;4;MasterCard;Débito;Básico Internacional;Híbrido;279960;85169;710119;58117209.45;16;1846.65
2025-12-31;4;MasterCard;Débito;Intermediário;Puro;84215680;44467950;1024242674;50339113298.86;29976;7045971.73
2025-12-31;4;Elo;Débito;Básico Internacional;Puro;686753;510880;2475133;142323654.86;7;612.01
2025-12-31;4;VISA;Crédito;Platinum;Co-branded;384799;327719;19650122;3534579697.61;203589;70746446.74
2025-12-31;4;VISA;Crédito;Corporativo;Puro;697256;333204;7586001;3749556791.12;462367;428952733.53
2025-12-31;4;VISA;Crédito;Platinum;Híbrido;769307;469711;14274031;2835084081.52;240455;91908663.91
2025-12-31;4;Elo;Débito;Básico Nacional;Puro;185755408;26171112;671731861;39577024705.25;0;0.00
2025-12-31;4;VISA;Crédito;Intermediário;Híbrido;1613098;898169;17681896;2937194495.41;143419;37978032.96
2025-12-31;4;VISA;Crédito;Premium;Puro;12107962;7071274;451999099;88569200852.68;6735766;3419386913.40
2025-12-31;4;Elo;Pré-Pago;Básico Nacional;Co-branded;4546;701;2438;226433.10;0;0.00
2025-12-31;4;MasterCard;Débito;Platinum;Co-branded;1464246;482599;11176176;402983920.92;0;0.00
2025-12-31;4;VISA;Crédito;Básico Nacional;Co-branded;6399653;380828;3884954;517416697.49;3461;342029.80
2025-12-31;4;MasterCard;Crédito;Corporativo;Puro;1320884;589921;9530616;5280262631.55;511261;535782109.73
2025-12-31;4;MasterCard;Crédito;Intermediário;Co-branded;60637828;35245296;183521906;20501469509.74;484308;69254390.52
2025-12-31;4;VISA;Débito;Intermediário;Puro;10785539;4826166;129084427;7970579186.71;2656;515330.85
2025-12-31;4;MasterCard;Crédito;Básico Nacional;Puro;6217799;1909786;24525815;2345330262.96;11053;1066101.08
2025-12-31;4;VISA;Débito;Platinum;Puro;8153743;3312279;43933027;3701072195.48;1185954;205644042.74
2025-12-31;4;MasterCard;Crédito;Intermediário;Híbrido;7389557;4985264;107796819;16057426979.97;110154;24516963.07
2025-12-31;4;Elo;Crédito;Básico Nacional;Co-branded;1966609;744967;7082968;1129707996.95;0;0.00
2025-12-31;4;VISA;Débito;Básico Internacional;Híbrido;342676;11467;125893;5411321.35;0;0.00
2025-12-31;4;VISA;Débito;Básico Internacional;Puro;195231472;47386065;1350400495;83896933780.66;39249;8013477.04
2025-12-31;4;Hipercard;Crédito;Platinum;Puro;10286;1186;63;52146.17;1;0.01
2025-12-31;4;MasterCard;Débito;Platinum;Puro;1084727;343130;15395130;1094473315.13;493;173449.58
2025-12-31;4;VISA;Crédito;Intermediário;Puro;23694895;12353607;369306144;44500578901.33;1341456;245597345.88
2025-12-31;4;VISA;Crédito;Básico Internacional;Híbrido;6998599;1831190;38024840;5327527331.94;148359;32031010.62
2025-12-31;4;American Express;Pré-Pago;Platinum;Puro;4;0;12;12456.93;0;0.00
2025-12-31;4;Elo;Crédito;Platinum;Puro;169074;121768;4572934;704805898.88;7553;1816634.01
2025-12-31;4;VISA;Crédito;Básico Internacional;Co-branded;14700142;4091066;33683481;4299012103.60;81242;10055632.18
2025-12-31;4;American Express;Crédito;Corporativo;Puro;55283;43776;1158421;1033712326.66;100723;121798013.52
2025-12-31;4;MasterCard;Pré-Pago;Corporativo;Puro;4217576;140265;110864;6863995.86;1;0.01
2025-12-31;4;MasterCard;Débito;Premium;Co-branded;332559;116291;1999654;112341056.13;0;0.00
2025-12-31;4;MasterCard;Débito;Empresarial;Puro;3680389;351137;18506382;1253448956.97;574;389870.95
2025-12-31;4;VISA;Débito;Básico Nacional;Co-branded;302897;272608;762545;102811699.00;0;0.00
2025-12-31;4;Elo;Crédito;Básico Nacional;Puro;5023568;2974488;101345746;11035780514.44;109306;31630475.86
2025-12-31;4;MasterCard;Crédito;Platinum;Híbrido;608043;431458;9552059;1944062175.55;144909;55359278.32
2025-12-31;4;Elo;Crédito;Corporativo;Puro;235782;103831;473169;165236744.80;1272;756415.17
2025-12-31;4;Outras;Crédito;Básico Internacional;Puro;1170215;444448;55293;6138714.98;0;0.00
2025-12-31;4;MasterCard;Débito;Premium;Híbrido;2623;1283;19940;2258503.04;4;863.43
2025-12-31;4;MasterCard;Crédito;Básico Internacional;Co-branded;5188844;1331660;16668100;2297157214.54;42626;6380329.92
2025-12-31;4;American Express;Crédito;Básico Nacional;Puro;28655;22457;538176;79220030.99;2149;765278.74
2025-12-31;4;VISA;Débito;Básico Internacional;Co-branded;6461;1881;19403;2054921.93;0;0.00
2025-12-31;4;MasterCard;Pré-Pago;Empresarial;Puro;5494704;1122558;63311694;3679019515.88;22;5885.70
2025-12-31;4;Bandeira própria;Crédito;Básico Nacional;Co-branded;8474035;1549213;22427725;2538141123.78;0;0.00
2025-12-31;4;MasterCard;Crédito;Corporativo;Co-branded;21442;2441;19990;7219799.16;977;745846.53
2025-12-31;4;MasterCard;Débito;Platinum;Híbrido;7531;3308;67328;7489822.53;5;1085.03
2025-12-31;4;VISA;Pré-Pago;Corporativo;Puro;1278793;125099;4091318;642967054.66;494799;128629045.74
2025-12-31;4;MasterCard;Crédito;Empresarial;Co-branded;132769;7190;65559;6999644.74;1;0.01
2025-12-31;4;VISA;Pré-Pago;Platinum;Puro;486754;157527;1334497;54514090.03;552;53961.05
2025-12-31;4;VISA;Débito;Premium;Puro;1783010;1074136;41158817;3681811066.07;73334;18165472.28
2025-12-31;4;VISA;Crédito;Intermediário;Co-branded;29875501;25621557;225778414;31536269917.96;496919;87111004.51
2025-12-31;4;MasterCard;Crédito;Premium;Puro;10686087;7668533;575659485;115851736592.69;10657643;5192172942.06
2025-12-31;4;VISA;Pré-Pago;Básico Nacional;Puro;1045876;145913;1610422;1795599391.29;38647;5112280.45
2025-12-31;4;MasterCard;Débito;Básico Internacional;Co-branded;1383793;14964;457775;22981689.70;0;0.00
2025-12-31;4;American Express;Crédito;Intermediário;Puro;384185;298604;8195911;1436735798.94;60997;30756676.93
2025-12-31;4;MasterCard;Pré-Pago;Básico Nacional;Puro;2373205;124012;1705150;103196110.52;3037;227286.46
2025-12-31;4;Elo;Pré-Pago;Básico Internacional;Co-branded;591255;212879;1747371;127264910.18;391;46413.27
2025-12-31;4;MasterCard;Débito;Intermediário;Co-branded;26084321;8294976;203706194;6520792887.22;0;0.00
2025-12-31;4;American Express;Crédito;Platinum;Puro;42;29;1482;360380.18;52;83917.69
2025-12-31;4;Elo;Pré-Pago;Outros;Puro;3382907;1880063;17637808;1398319525.61;0;0.00
2025-12-31;4;VISA;Pré-Pago;Intermediário;Puro;21708;798;5897;305942.32;0;0.00
2025-12-31;4;VISA;Crédito;Platinum;Puro;11482505;7887356;316370691;47624697512.35;1973182;571641213.61
2025-12-31;4;Outras;Débito;Empresarial;Puro;35;8;41;5657.63;0;0.00
2025-12-31;4;VISA;Crédito;Empresarial;Puro;4715306;2351536;60309412;19280354662.78;758252;521697270.96
2025-12-31;4;VISA;Crédito;Empresarial;Co-branded;190;88;1350;1255457.06;12;22079.76
2025-12-31;4;VISA;Crédito;Básico Nacional;Híbrido;488251;43002;1317734;189287990.03;241;24594.12
2025-12-31;4;MasterCard;Crédito;Platinum;Puro;24535209;15812724;667971755;85690787212.81;4537757;862010087.79
2025-12-31;4;Elo;Crédito;Básico Internacional;Puro;3036096;1891030;46680114;8813156609.78;98225;33385839.68
2025-12-31;4;VISA;Pré-Pago;Empresarial;Puro;3027242;1273106;7793950;505140889.47;22671;1802580.01
2025-12-31;4;MasterCard;Crédito;Básico Internacional;Híbrido;27967543;7864462;97488388;12457285594.58;132899;19208829.63
2025-12-31;4;VISA;Crédito;Básico Nacional;Puro;12921566;8283018;219512649;22836320083.73;430860;103426013.74
2025-12-31;4;Elo;Débito;Empresarial;Puro;1030677;291525;8538392;1033040710.47;0;0.00
2025-12-31;4;Outras;Crédito;Outros;Puro;8777120;6335971;279846129;7553332318.89;0;0.00
2025-12-31;4;VISA;Pré-Pago;Intermediário;Co-branded;68043;1408;11029;510001.11;0;0.00
2025-12-31;4;American Express;Crédito;Empresarial;Puro;39233;29181;989055;700087812.08;38442;55432117.65
2025-12-31;4;American Express;Crédito;Platinum;Co-branded;15176;9528;280445;38104731.31;1371;502815.08
2025-12-31;4;Elo;Crédito;Outros;Puro;315447;254946;12174925;3018588212.28;45680;21295306.39
2025-12-31;4;MasterCard;Crédito;Intermediário;Puro;104798185;44808620;1234254130;119590624790.26;7208186;835258990.76
2025-12-31;4;MasterCard;Débito;Básico Internacional;Puro;34298754;10079671;427916299;28521514163.13;42290;9612448.67
2025-12-31;4;MasterCard;Débito;Intermediário;Híbrido;146680;59199;941820;89220873.62;0;0.00
2025-12-31;4;Elo;Crédito;Intermediário;Puro;10034866;2954983;57444707;7258255176.47;22330;3622341.49
2025-12-31;4;Outras;Pré-Pago;Outros;Puro;7741900;6035300;278881362;7482282714.24;0;0.00
2025-12-31;4;MasterCard;Crédito;Outros;Puro;2873985;596618;10602332;672602474.83;2724;1475164.71
2025-12-31;4;MasterCard;Pré-Pago;Platinum;Puro;11536923;4670680;185141431;9023202963.94;0;0.00
2025-12-31;4;Outras;Débito;Corporativo;Puro;99348;49794;73617;7453213.59;0;0.00
2025-12-31;4;Elo;Crédito;Básico Internacional;Co-branded;831849;74259;877069;82297666.44;226;39216.32
2025-12-31;4;VISA;Crédito;Básico Internacional;Puro;37298951;15836072;256908262;25643977787.12;771006;122184941.83
2025-12-31;4;VISA;Pré-Pago;Premium;Puro;6871;2119;163289;13076099.60;15;2750.00
2025-12-31;4;MasterCard;Pré-Pago;Básico Internacional;Puro;7276820;1821171;31672450;1406227237.42;352235;19632231.22
2025-12-31;4;MasterCard;Débito;Premium;Puro;723734;303859;6334147;515439489.23;841;593514.12
2025-12-31;4;MasterCard;Débito;Empresarial;Co-branded;132760;14664;726577;37513660.36;0;0.00
2025-12-31;4;American Express;Crédito;Premium;Co-branded;33573;23526;462299;117812207.96;9946;16085919.39
2025-12-31;4;Elo;Pré-Pago;Empresarial;Puro;305038;140656;2687594;260467596.63;0;0.00
2025-12-31;4;VISA;Crédito;Outros;Puro;12872452;5988380;131065236;10779867927.41;489082;355785851.31
2025-12-31;4;MasterCard;Crédito;Empresarial;Híbrido;22497;22497;390840;131994867.25;8004;4238565.43
2025-12-31;4;VISA;Crédito;Premium;Co-branded;412287;386728;33703572;9180321756.00;640790;338960654.48
2025-12-31;4;VISA;Crédito;Empresarial;Híbrido;17661;8482;89473;132100034.13;271;305790.07
2025-12-31;4;MasterCard;Pré-Pago;Básico Internacional;Co-branded;66;45;15;466.33;0;0.00
2025-12-31;4;MasterCard;Crédito;Básico Internacional;Puro;65860016;12137786;155761875;16417959311.48;581897;86641585.38
2025-12-31;4;MasterCard;Crédito;Premium;Co-branded;1560232;1244504;38924075;10591575360.48;934322;529085399.87
2025-12-31;4;MasterCard;Pré-Pago;Intermediário;Puro;70769868;30814749;1437843671;52306536015.37;0;0.00
2025-12-31;4;MasterCard;Crédito;Corporativo;Híbrido;9318857;3119381;48178216;2948086364.86;503255;29493920.62
2025-12-31;4;VISA;Pré-Pago;Básico Internacional;Co-branded;857773;25736;551047;24676445.50;54;7710.61
2025-12-31;4;Elo;Pré-Pago;Básico Nacional;Puro;76987;49;49;2069.66;0;0.00
2025-12-31;4;MasterCard;Crédito;Básico Nacional;Híbrido;7821097;959755;19024182;2759514559.22;19335;3123681.36
2025-12-31;4;Elo;Crédito;Empresarial;Puro;389927;251038;7132819;3395385319.76;24963;13947402.39
2025-12-31;4;MasterCard;Crédito;Platinum;Co-branded;3975803;2976877;42227084;6221377862.91;341678;104464551.13
2025-12-31;4;Elo;Crédito;Premium;Puro;394385;292069;14178668;2954736982.93;45358;20791672.34
2025-12-31;4;American Express;Crédito;Premium;Puro;561974;459250;16611904;4549396424.59;360635;348626325.68
2025-12-31;4;VISA;Pré-Pago;Outros;Puro;16365991;2062842;33914582;2234250439.37;69109;12600146.47
2025-12-31;4;Elo;Pré-Pago;Básico Internacional;Puro;604325;7631;3475591;257829196.26;4018;683828.53
2025-12-31;4;Elo;Crédito;Empresarial;Co-branded;2349;1812;27961;6095976.08;0;0.00
2025-12-31;4;VISA;Débito;Básico Nacional;Puro;16929021;7782169;249578705;15772430074.72;6339;730236.50
2025-12-31;4;VISA;Débito;Empresarial;Puro;3624985;1195691;40010567;3845429988.08;7527;1292381.72
2025-12-31;4;Bandeira própria;Pré-Pago;Outros;Puro;1468168;1078403;2749385;318502961.81;0;0.00
2025-12-31;4;Elo;Débito;Básico Nacional;Co-branded;222331;134987;366812;42936346.68;0;0.00
2025-12-31;4;Hipercard;Crédito;Intermediário;Puro;392;13;1;0.01;1;0.01
2025-12-31;4;Outras;Débito;Outros;Puro;4030663;1640687;37619204;3997060294.98;0;0.00
2025-12-31;4;MasterCard;Pré-Pago;Outros;Puro;2068070;138149;2040565;159795403.06;18926;2489201.17
2025-12-31;4;MasterCard;Crédito;Básico Nacional;Co-branded;11866419;115298;2686827;353684957.11;98;67424.27
2025-12-31;4;MasterCard;Débito;Básico Nacional;Puro;345981;236947;9108323;716772633.04;35;10675.86
2026-03-31;1;MasterCard;Débito;Empresarial;Co-branded;410785;40077;1342557;68043657.84;0;0.00
2026-03-31;1;VISA;Crédito;Básico Internacional;Puro;38185631;16169965;257713265;24325456015.08;747807;117034764.95
2026-03-31;1;American Express;Crédito;Básico Nacional;Puro;32605;24741;470619;72045343.15;2067;729255.88
2026-03-31;1;Outras;Débito;Empresarial;Puro;34;9;7;1230.04;0;0.00
2026-03-31;1;American Express;Crédito;Intermediário;Puro;302476;228566;8702088;1516573670.44;64284;32004484.98
2026-03-31;1;MasterCard;Débito;Básico Internacional;Puro;41244125;10105714;386487815;25229932424.09;42952;10443703.88
2026-03-31;1;MasterCard;Débito;Intermediário;Co-branded;28542842;8590852;184047662;5743553191.60;0;0.00
2026-03-31;1;MasterCard;Crédito;Intermediário;Puro;105635742;43536452;1169873724;113187678077.20;7121943;811721329.14
2026-03-31;1;MasterCard;Pré-Pago;Básico Internacional;Co-branded;87;7;2;126.89;0;0.00
2026-03-31;1;Elo;Pré-Pago;Básico Nacional;Puro;75677;46;56;1729.05;0;0.00
2026-03-31;1;VISA;Pré-Pago;Platinum;Puro;654946;216446;1562699;67796956.08;503;77572.83
2026-03-31;1;American Express;Crédito;Premium;Puro;493018;397787;16853419;4488476645.43;413823;406651180.64
2026-03-31;1;VISA;Crédito;Intermediário;Co-branded;32706990;23166835;233696427;31862068559.27;551321;94880626.87
2026-03-31;1;Elo;Pré-Pago;Básico Internacional;Puro;477037;5401;3120223;230249387.09;2;158.16
2026-03-31;1;VISA;Crédito;Básico Internacional;Híbrido;7395785;1871497;35831288;4871255812.66;136856;27936216.77
2026-03-31;1;MasterCard;Crédito;Básico Internacional;Puro;65657409;11513246;146092216;15281008129.62;579476;85351187.67
2026-03-31;1;MasterCard;Crédito;Corporativo;Híbrido;10838555;3431700;45577740;2681955130.36;557080;40620832.17
2026-03-31;1;VISA;Crédito;Premium;Híbrido;155307;125152;7912750;2319618203.23;360628;209012262.27
2026-03-31;1;Bandeira própria;Crédito;Básico Nacional;Híbrido;616524;263996;2514268;444010022.39;0;0.00
2026-03-31;1;VISA;Crédito;Premium;Puro;12658994;7291223;466675081;89984654304.49;7474857;3864706299.81
2026-03-31;1;MasterCard;Crédito;Intermediário;Híbrido;7501658;4922261;101075755;14634978998.85;107813;21904537.63
2026-03-31;1;American Express;Crédito;Premium;Co-branded;31803;21254;436333;108256694.24;10961;19455580.35
2026-03-31;1;MasterCard;Crédito;Básico Nacional;Híbrido;7790747;926694;17609389;2520382936.83;19258;2861066.25
2026-03-31;1;VISA;Pré-Pago;Corporativo;Puro;1269490;119292;3910302;620660815.41;526810;129168744.01
2026-03-31;1;MasterCard;Crédito;Corporativo;Co-branded;2706;561;14961;5003197.10;826;1099958.28
2026-03-31;1;VISA;Crédito;Básico Nacional;Co-branded;6404015;357986;3510664;456762479.52;3579;344124.42
2026-03-31;1;VISA;Débito;Intermediário;Puro;10711901;5555604;125829113;7510267682.26;3800;513832.21
2026-03-31;1;VISA;Débito;Premium;Puro;1857712;1124195;39326238;3408775591.03;89140;21862974.27
2026-03-31;1;VISA;Débito;Básico Nacional;Co-branded;311916;280698;735832;99005295.50;0;0.00
2026-03-31;1;MasterCard;Crédito;Básico Internacional;Híbrido;29241854;7782457;92154735;11675370546.67;135203;19411549.39
2026-03-31;1;Bandeira própria;Crédito;Outros;Puro;11765627;2148337;10393389;923513741.33;0;0.00
2026-03-31;1;MasterCard;Crédito;Outros;Puro;2943030;574159;8345932;494525760.46;1665;695873.98
2026-03-31;1;Outras;Crédito;Outros;Puro;8623964;5827408;269051687;7244325131.67;0;0.00
2026-03-31;1;MasterCard;Débito;Outros;Puro;1063266;230674;6332686;338422824.37;3608;2771385.06
2026-03-31;1;Elo;Crédito;Premium;Puro;393806;286690;12977639;2604521523.77;41125;18929268.56
2026-03-31;1;Hipercard;Crédito;Intermediário;Puro;389;12;1;0.01;1;0.01
2026-03-31;1;MasterCard;Pré-Pago;Empresarial;Puro;5944874;1191121;62293665;3584209523.16;13;15924.12
2026-03-31;1;VISA;Débito;Platinum;Puro;8722283;3372880;40332625;3299969140.28;1291537;217385411.64
2026-03-31;1;VISA;Débito;Básico Internacional;Puro;200977308;46766751;1227448947;74668778538.91;41919;8236895.56
2026-03-31;1;Elo;Crédito;Intermediário;Puro;10202075;2900537;53030935;6400866140.56;26301;4728158.22
2026-03-31;1;MasterCard;Pré-Pago;Platinum;Puro;11726979;4528812;166011521;7875582948.20;0;0.00
2026-03-31;1;VISA;Pré-Pago;Intermediário;Puro;23370;892;5046;246835.31;0;0.00
2026-03-31;1;VISA;Crédito;Outros;Puro;15495575;6734058;129559415;11409488609.81;576210;421725561.44
2026-03-31;1;VISA;Crédito;Intermediário;Híbrido;1602069;870586;15887598;2562912508.46;132509;32845089.08
2026-03-31;1;VISA;Crédito;Básico Nacional;Híbrido;497560;41604;1220763;172408905.34;341;37543.59
2026-03-31;1;Elo;Pré-Pago;Outros;Puro;3933073;2300254;15946891;1208565154.49;0;0.00
2026-03-31;1;MasterCard;Débito;Premium;Puro;419851;183398;4774908;396925446.16;805;434238.40
2026-03-31;1;MasterCard;Crédito;Platinum;Co-branded;5232864;3933986;44508468;6107266640.84;472267;105919496.54
2026-03-31;1;Elo;Pré-Pago;Empresarial;Puro;327734;132013;2593906;240993443.34;0;0.00
2026-03-31;1;Elo;Pré-Pago;Básico Internacional;Co-branded;545404;257551;1962705;126293803.60;1338;322577.44
2026-03-31;1;VISA;Crédito;Empresarial;Co-branded;94;88;1117;1065046.34;6;1040.47
2026-03-31;1;MasterCard;Débito;Platinum;Co-branded;2052775;508409;10914121;389679662.75;0;0.00
2026-03-31;1;VISA;Pré-Pago;Outros;Puro;12470032;2342175;27226903;1928923959.79;92796;14168508.56
2026-03-31;1;MasterCard;Crédito;Empresarial;Híbrido;24497;24497;409662;156248451.19;9695;5455115.23
2026-03-31;1;MasterCard;Crédito;Premium;Híbrido;112019;90656;4188830;1266682297.70;177605;100709253.15
2026-03-31;1;MasterCard;Crédito;Básico Nacional;Co-branded;11863274;107520;2452198;317473510.25;92;53525.94
2026-03-31;1;MasterCard;Crédito;Premium;Puro;10966936;7778939;577328511;113227038170.62;11995217;5805748086.58
2026-03-31;1;MasterCard;Débito;Premium;Co-branded;417062;116749;2094760;108577657.80;0;0.00
2026-03-31;1;VISA;Pré-Pago;Básico Nacional;Puro;1099133;252023;2718327;1730626995.68;45085;6651508.86
2026-03-31;1;VISA;Crédito;Básico Internacional;Co-branded;15025027;4108827;31009447;3750927535.36;81424;10109635.63
2026-03-31;1;Outras;Débito;Corporativo;Puro;52419;27847;77696;7684628.73;0;0.00
2026-03-31;1;Elo;Crédito;Outros;Puro;327901;263510;11854794;2926418579.02;50303;23684622.52
2026-03-31;1;Hipercard;Crédito;Platinum;Puro;2935;826;69;51702.86;1;0.01
2026-03-31;1;MasterCard;Pré-Pago;Premium;Puro;924619;274434;10388973;638522009.28;0;0.00
2026-03-31;1;VISA;Crédito;Empresarial;Puro;5034878;2711058;61733081;19906388454.61;844571;574029930.92
2026-03-31;1;Elo;Crédito;Básico Internacional;Puro;3373633;2100333;47124703;8763273553.79;112045;34945354.57
2026-03-31;1;MasterCard;Débito;Platinum;Puro;1833885;520304;15795445;1065750226.81;490;182494.17
2026-03-31;1;MasterCard;Pré-Pago;Básico Internacional;Puro;3962448;2120560;30874857;1375707929.19;260726;24175845.11
2026-03-31;1;Elo;Crédito;Platinum;Puro;172623;122812;4259776;644975426.31;6695;1560380.14
2026-03-31;1;Elo;Pré-Pago;Básico Nacional;Co-branded;4448;683;1709;138845.37;0;0.00
2026-03-31;1;MasterCard;Crédito;Corporativo;Puro;1618515;631367;9590270;5382721973.24;559744;578071208.63
2026-03-31;1;MasterCard;Crédito;Básico Nacional;Puro;3903821;1250240;26466811;2529503276.86;12337;1210458.98
2026-03-31;1;VISA;Pré-Pago;Intermediário;Co-branded;73189;1690;8852;397992.65;0;0.00
2026-03-31;1;VISA;Débito;Empresarial;Puro;3757537;1221979;37909889;3556550132.92;8640;1552739.78
2026-03-31;1;Elo;Débito;Empresarial;Puro;1108694;284960;7822569;924809516.23;0;0.00
2026-03-31;1;American Express;Crédito;Corporativo;Puro;57624;43760;1103801;1096278995.07;92541;123114326.06
2026-03-31;1;VISA;Crédito;Platinum;Co-branded;395106;327994;19125437;3406980814.04;295094;74190371.71
2026-03-31;1;VISA;Débito;Básico Nacional;Puro;17699758;7974841;227140496;14047001942.01;8467;870718.05
2026-03-31;1;VISA;Crédito;Platinum;Puro;12445253;8425180;328850775;48161239201.49;2362113;581801234.58
2026-03-31;1;Elo;Crédito;Empresarial;Co-branded;2140;2018;25047;5750366.91;0;0.00
2026-03-31;1;Elo;Débito;Básico Internacional;Puro;679346;511526;2270403;129652561.42;3;361.34
2026-03-31;1;VISA;Crédito;Básico Nacional;Puro;14401301;8446179;212633947;22241451199.26;415697;104636165.66
2026-03-31;1;MasterCard;Crédito;Empresarial;Puro;10781049;4186396;90283815;25871037882.36;1816025;990334190.22
2026-03-31;1;MasterCard;Débito;Básico Internacional;Co-branded;1389972;40741;923091;40260842.09;0;0.00
2026-03-31;1;MasterCard;Crédito;Outros;Co-branded;1096636;15532;2551;173638.03;11;487.62
2026-03-31;1;VISA;Pré-Pago;Básico Internacional;Co-branded;868450;23472;459658;20001748.01;58;6289.66
2026-03-31;1;American Express;Crédito;Platinum;Co-branded;14512;8960;258757;35616852.13;1395;596840.26
2026-03-31;1;VISA;Pré-Pago;Empresarial;Puro;3095308;807054;7459506;484332502.66;26276;2994969.19
2026-03-31;1;Elo;Crédito;Corporativo;Puro;198237;109752;551124;161905237.07;1117;771536.81
2026-03-31;1;MasterCard;Débito;Intermediário;Puro;86121884;44435553;959970419;45459823601.48;35828;8464313.70
2026-03-31;1;American Express;Crédito;Platinum;Puro;266;152;3763;6092973.56;948;11410196.97
2026-03-31;1;VISA;Crédito;Intermediário;Puro;23246078;12091446;382288012;45068044803.50;1500483;257930462.16
2026-03-31;1;MasterCard;Crédito;Intermediário;Co-branded;64377808;36415311;176989608;19128234516.87;523775;66155927.09
2026-03-31;1;Outras;Pré-Pago;Outros;Puro;7737100;5554450;268158963;7178549033.06;0;0.00
2026-03-31;1;MasterCard;Pré-Pago;Outros;Puro;1963472;123558;1639310;166699467.38;15376;1966561.29
2026-03-31;1;VISA;Débito;Básico Internacional;Co-branded;6369;1740;17866;1730935.04;0;0.00
2026-03-31;1;VISA;Pré-Pago;Básico Internacional;Puro;135305575;21573137;284514144;11686553881.19;1762802;211479150.95
2026-03-31;1;Elo;Débito;Básico Nacional;Puro;192155660;26044221;630463297;36218436375.45;0;0.00
2026-03-31;1;MasterCard;Débito;Empresarial;Puro;3939692;366964;10698981;613882195.32;136;102811.13
2026-03-31;1;VISA;Crédito;Empresarial;Híbrido;15550;8030;78815;108303768.05;259;130646.74
2026-03-31;1;MasterCard;Débito;Básico Nacional;Puro;340321;234609;8140551;630600702.21;40;8676.85
2026-03-31;1;VISA;Crédito;Premium;Co-branded;407139;376317;31278247;8516727101.68;836603;343464402.38
2026-03-31;1;MasterCard;Crédito;Premium;Co-branded;1894321;1533151;41097823;10793167464.78;1311644;605258069.83
2026-03-31;1;Outras;Débito;Outros;Puro;3977274;1634284;33632411;3507647686.60;0;0.00
2026-03-31;1;Elo;Pré-Pago;Corporativo;Puro;1013091;550825;2108873;131733969.04;0;0.00
2026-03-31;1;Elo;Crédito;Básico Nacional;Puro;4907686;2875522;94801500;10623319890.45;100644;30517575.30
2026-03-31;1;Bandeira própria;Crédito;Intermediário;Puro;154212;26688;2365840;652186667.59;0;0.00
2026-03-31;1;Elo;Crédito;Empresarial;Puro;387459;239452;6838607;3212252408.06;25859;13699344.61
2026-03-31;1;MasterCard;Crédito;Platinum;Híbrido;616672;411458;9064902;1785289638.47;135246;49472042.39
2026-03-31;1;MasterCard;Crédito;Básico Internacional;Co-branded;5184537;1322861;14795606;1981994238.63;41428;6117281.53
2026-03-31;1;American Express;Crédito;Empresarial;Puro;33303;23931;1064456;720143692.45;41741;58384622.76
2026-03-31;1;MasterCard;Crédito;Empresarial;Co-branded;410794;18889;141830;18160619.41;1;0.01
2026-03-31;1;MasterCard;Crédito;Platinum;Puro;25251666;15819569;665507317;83804968106.32;5008233;901795790.00
2026-03-31;1;Bandeira própria;Crédito;Básico Nacional;Co-branded;8827081;1510841;22746216;2568910909.25;0;0.00
2026-03-31;1;VISA;Crédito;Platinum;Híbrido;763646;446358;13695960;2604405795.28;221364;80885738.36
2026-03-31;1;Bandeira própria;Pré-Pago;Outros;Puro;1810506;1357775;3076345;299260914.69;0;0.00
2026-03-31;1;MasterCard;Pré-Pago;Básico Nacional;Puro;2402881;113978;1451944;87316586.44;3185;220864.76
2026-03-31;1;Elo;Débito;Básico Nacional;Co-branded;225181;134644;337883;38595063.62;0;0.00
2026-03-31;1;Elo;Crédito;Básico Nacional;Co-branded;2044369;752792;6720103;1024833354.67;0;0.00
2026-03-31;1;MasterCard;Débito;Platinum;Híbrido;8191;3611;56124;5917352.97;0;0.00
2026-03-31;1;MasterCard;Débito;Premium;Híbrido;2818;1342;19954;2120498.97;0;0.00
2026-03-31;1;Outras;Crédito;Básico Internacional;Puro;1237035;468849;37066;4075844.27;0;0.00
2026-03-31;1;VISA;Pré-Pago;Premium;Puro;6928;3492;211921;15521785.48;88;12797.05
2026-03-31;1;Elo;Crédito;Básico Internacional;Co-branded;830254;67623;773978;69900047.86;250;37946.43
2026-03-31;1;VISA;Débito;Básico Internacional;Híbrido;334841;9582;8507;388221.65;0;0.00
2026-03-31;1;MasterCard;Débito;Intermediário;Híbrido;155081;61795;777534;70278023.51;1;100.43
2026-03-31;1;MasterCard;Débito;Básico Internacional;Híbrido;294636;85729;585411;47104750.42;15;1793.37
2026-03-31;1;VISA;Crédito;Corporativo;Puro;704689;329571;6594111;3022051955.85;402021;401023898.45
2026-03-31;1;MasterCard;Pré-Pago;Corporativo;Puro;1880355;98631;109150;5902236.92;0;0.00
2026-03-31;1;MasterCard;Pré-Pago;Intermediário;Puro;72189872;29864375;1256954419;44348575443.86;4;3735.28
